2226.7740	411.57	0.00	-3.13	-12.55	0.00	0.00	1	0	0	1.0
2226.8050	411.57	0.00	-3.13	-12.55	0.00	0.00	1	0	0	1.0
2226.8360	411.57	0.00	-3.13	-12.55	0.00	0.00	1	0	0	1.0
2226.8670	411.57	0.00	-3.13	-12.55	-0.05	-0.00	1	0	0	1.0
2226.8980	411.57	0.00	-3.13	-12.55	0.15	0.00	1	0	0	1.0
2226.9290	411.57	0.00	-3.13	-12.55	0.00	0.00	1	0	0	1.0
2226.9600	411.57	0.00	-3.13	-12.55	0.15	0.00	1	0	0	1.0
2226.9910	411.57	0.00	-3.13	-12.55	0.00	0.00	1	0	0	1.0
2227.0220	411.57	0.00	-3.13	-12.55	0.00	0.00	1	0	0	1.0
2227.0530	411.57	0.00	-3.13	-12.55	0.19	0.00	1	0	0	1.0
2227.0840	411.57	0.00	-3.13	-12.55	-0.19	-0.00	1	0	0	1.0
2227.1150	411.57	0.00	-3.13	-12.55	0.00	0.00	1	0	0	1.0
2227.1460	411.57	0.00	-3.13	-12.55	0.19	0.00	1	0	0	1.0
2227.1770	411.57	0.00	-3.13	-12.55	0.01	0.00	1	0	0	1.0
2227.2080	411.57	0.00	-3.13	-12.55	0.00	0.00	1	0	0	1.0
2227.2390	411.57	0.00	-3.13	-12.55	0.00	0.00	1	0	0	1.0
2227.2700	411.57	0.00	-3.13	-12.55	0.04	0.00	1	0	0	1.0
2227.3010	411.57	0.00	-3.13	-12.55	0.01	0.00	1	0	0	1.0
2227.3320	411.57	0.00	-3.13	-12.55	0.00	0.00	1	0	0	1.0
2227.3630	411.57	0.00	-3.13	-12.55	-0.19	-0.00	1	0	0	1.0
2227.3940	411.57	0.00	-3.13	-12.55	0.05	0.00	1	0	0	1.0
2227.4250	411.57	0.00	-3.13	-12.55	0.00	0.00	1	0	0	1.0
2227.4560	411.57	0.00	-3.13	-12.55	0.01	0.00	1	0	0	1.0
2227.4870	411.57	0.00	-3.13	-12.55	-0.05	-0.00	1	0	0	1.0
2227.5180	411.57	0.00	-3.13	-12.55	-0.00	-0.00	1	0	0	1.0
2227.5490	411.57	0.00	-3.13	-12.55	-0.14	-0.00	1	0	0	1.0
2227.5800	411.57	0.00	-3.13	-12.55	0.00	0.00	1	0	0	1.0
2227.6110	411.57	0.00	-3.13	-12.55	0.05	0.00	1	0	0	1.0
2227.6420	411.57	0.00	-3.13	-12.55	-0.05	-0.00	1	0	0	1.0
2227.6730	411.57	0.00	-3.13	-12.55	-0.00	-0.00	1	0	0	1.0
2227.7040	411.57	0.00	-3.13	-12.55	0.04	0.00	1	0	0	1.0
2227.7350	411.57	0.00	-3.13	-12.55	-0.19	-0.00	1	0	0	1.0
2227.7660	411.57	0.00	-3.13	-12.55	0.04	0.00	1	0	0	1.0
2227.7970	411.57	0.00	-3.13	-12.55	-0.16	-0.00	1	0	0	1.0
2227.8280	411.57	0.00	-3.13	-12.55	-0.04	-0.00	1	0	0	1.0
2227.8590	411.57	0.00	-3.13	-12.55	0.15	0.00	1	0	0	1.0
2227.8900	411.57	0.00	-3.13	-12.55	0.01	0.00	1	0	0	1.0
2227.9210	411.57	0.00	-3.13	-12.55	0.00	0.00	1	0	0	1.0
2227.9520	411.57	0.00	-3.13	-12.55	0.00	0.00	1	0	0	1.0
2227.9830	411.57	0.00	-3.13	-12.55	0.00	0.00	1	0	0	1.0
2228.0140	411.57	0.00	-3.13	-12.55	0.15	0.00	1	0	0	1.0
2228.0450	411.57	0.00	-3.13	-12.55	0.16	0.00	1	0	0	1.0
2228.0760	411.57	0.00	-3.13	-12.55	0.05	0.00	1	0	0	1.0
2228.1070	411.57	0.00	-3.13	-12.55	-0.04	-0.00	1	0	0	1.0
2228.1380	411.57	0.00	-3.13	-12.55	0.05	0.00	1	0	0	1.0
2228.1690	411.57	0.00	-3.13	-12.55	0.19	0.00	1	0	0	1.0
2228.2000	411.57	0.00	-3.13	-12.55	-0.00	-0.00	1	0	0	1.0
2228.2310	411.57	0.00	-3.13	-12.55	-0.04	-0.00	1	0	0	1.0
2228.2620	411.57	0.00	-3.13	-12.55	-0.00	-0.00	1	0	0	1.0
2228.2930	411.57	0.00	-3.13	-12.55	0.16	0.00	1	0	0	1.0
2228.3240	411.57	0.00	-3.13	-12.55	-0.05	-0.00	1	0	0	1.0
2228.3550	411.57	0.00	-3.13	-12.55	-0.00	-0.00	1	0	0	1.0
2228.3860	411.57	0.00	-3.13	-12.55	0.18	0.00	1	0	0	1.0
2228.4170	411.57	0.00	-3.13	-12.55	0.15	0.00	1	0	0	1.0
2228.4480	411.57	0.00	-3.13	-12.55	-0.00	-0.00	1	0	0	1.0
2228.4790	411.57	0.00	-3.13	-12.55	0.01	0.00	1	0	0	1.0
2228.5100	411.57	0.00	-3.13	-12.55	-0.18	-0.00	1	0	0	1.0
2228.5410	411.57	0.00	-3.13	-12.55	0.15	0.00	1	0	0	1.0
2228.5720	411.57	0.00	-3.13	-12.55	0.18	0.00	1	0	0	1.0
2228.6030	411.57	0.00	-3.13	-12.55	-0.00	-0.00	1	0	0	1.0
2228.6340	411.57	0.00	-3.13	-12.55	0.19	0.00	1	0	0	1.0
2228.6650	411.57	0.00	-3.13	-12.55	0.19	0.00	1	0	0	1.0
2228.6960	411.57	0.00	-3.13	-12.55	-0.15	-0.00	1	0	0	1.0
2228.7270	411.57	0.00	-3.13	-12.55	0.19	0.00	1	0	0	1.0
2228.7580	411.57	0.00	-3.13	-12.55	0.04	0.00	1	0	0	1.0
2228.7890	411.58	0.12	3.10	-12.61	-2.52	-0.04	1	0	0	1.0
2228.8200	411.59	0.33	3.03	-12.68	-2.09	-0.03	1	0	0	1.0
2228.8510	411.59	0.19	2.98	-12.73	-0.90	-0.01	1	0	0	1.0
2228.8820	411.59	-0.03	2.98	-12.73	0.37	0.01	1	0	0	1.0
2228.9130	411.59	-0.27	3.01	-12.70	1.46	0.02	1	0	0	1.0
2228.9440	411.57	-0.62	3.07	-12.64	2.52	0.04	1	0	0	1.0
2228.9750	411.54	-1.13	-3.12	-12.55	3.30	0.05	1	0	0	1.0
2229.0060	411.48	-2.22	-3.00	-12.43	4.25	0.06	1	0	0	1.0
2229.0370	411.38	-3.71	-2.87	-12.29	4.37	0.06	1	0	0	1.0
2229.0680	411.26	-3.33	-2.77	-12.19	2.19	0.02	1	0	0	1.0
2229.0990	411.16	-3.51	-2.74	-12.16	0.35	0.00	1	0	0	1.0
2229.1300	411.04	-3.79	-2.75	-12.18	-1.57	-0.02	1	0	0	1.0
2229.1610	410.95	-2.56	-2.86	-12.28	-4.67	-0.06	1	0	0	1.0
2229.1920	410.92	-0.59	-3.06	-12.48	-7.79	-0.11	1	0	0	1.0
2229.2230	410.98	3.24	2.92	-12.79	-11.16	-0.14	1	0	0	1.0
2229.2540	411.16	5.84	2.55	-13.16	-11.32	-0.07	1	0	0	1.0
2229.2850	411.35	6.25	2.25	-13.46	-8.10	-0.02	1	0	0	1.0
2229.3160	411.54	6.08	2.08	-13.63	-3.83	-0.00	1	0	0	1.0
2229.3470	411.71	5.33	2.05	-13.66	1.19	0.00	1	0	0	1.0
2229.3780	411.85	4.02	2.19	-13.52	6.73	0.01	1	0	0	1.0
2229.4090	411.94	2.73	2.49	-13.22	11.46	0.06	1	0	0	1.0
2229.4400	411.97	0.59	2.94	-12.77	16.44	0.19	1	0	0	1.0
2229.4710	411.90	-3.14	-2.77	-12.19	19.23	0.16	1	0	0	1.0
2229.5020	411.75	-4.83	-2.19	-11.62	17.44	0.02	1	0	0	1.0
2229.5330	411.60	-4.83	-1.73	-11.16	12.66	0.00	1	0	0	1.0
2229.5640	411.46	-4.35	-1.44	-10.87	7.07	0.00	1	0	0	1.0
2229.5950	411.33	-4.08	-1.33	-10.76	1.32	0.00	1	0	0	1.0
2229.6260	411.23	-2.88	-1.40	-10.82	-4.28	-0.00	1	0	0	1.0
2229.6570	411.16	-2.21	-1.63	-11.06	-9.75	-0.00	1	0	0	1.0
2229.6880	411.10	-1.91	-2.05	-11.47	-15.61	-0.01	1	0	0	1.0
2229.7190	411.07	-0.66	-2.62	-12.04	-20.49	-0.11	1	0	0	1.0
2229.7500	411.10	1.70	2.97	-12.74	-23.52	-0.20	1	0	0	1.0
2229.7810	411.18	2.37	2.26	-13.45	-21.52	-0.03	1	0	0	1.0
2229.8120	411.24	1.85	1.69	-14.01	-15.95	-0.00	1	0	0	1.0
2229.8430	411.30	1.95	1.31	-14.40	-10.22	-0.00	1	0	0	1.0
2229.8740	411.36	2.09	1.09	-14.62	-4.91	-0.00	1	0	0	1.0
2229.9050	411.43	2.07	1.03	-14.68	-0.02	-0.00	1	0	0	1.0
2229.9360	411.50	2.56	1.13	-14.58	5.32	0.00	1	0	0	1.0
2229.9670	411.59	2.76	1.40	-14.31	10.74	0.00	1	0	0	1.0
2229.9980	411.64	1.29	1.83	-13.88	16.25	0.00	1	0	0	1.0
2230.0290	411.62	-1.38	2.46	-13.25	22.33	0.06	1	0	0	1.0
2230.0600	411.50	-4.57	-3.05	-12.47	26.89	0.19	1	0	0	1.0
2230.0910	411.31	-5.93	-2.21	-11.63	26.03	0.01	1	0	0	1.0
2230.1220	411.17	-4.15	-1.52	-10.94	19.95	0.00	1	0	0	1.0
2230.1530	411.05	-4.01	-1.00	-10.42	14.51	0.00	1	0	0	1.0
2230.1840	410.92	-3.95	-0.64	-10.07	9.75	0.00	1	0	0	1.0
2230.2150	410.78	-5.46	-0.43	-9.85	4.40	0.14	1	0	0	1.0
2230.2460	410.58	-5.40	-0.37	-9.79	2.45	-0.10	1	0	0	1.0
2230.2770	410.48	-2.64	-0.28	-9.71	2.39	-0.10	1	0	0	1.0
2230.3080	410.45	-0.76	-0.20	-9.63	2.49	-0.01	1	0	0	1.0
2230.3390	410.46	0.08	-0.14	-9.57	1.76	-0.06	1	0	0	1.0
2230.3700	410.49	1.33	-0.09	-9.51	1.85	0.00	0	1	0	1.0
2230.4010	410.53	1.29	-0.05	-9.48	0.78	-0.12	0	1	0	1.0
2230.4320	410.58	1.71	-0.03	-9.45	0.71	-0.10	0	1	0	1.0
2230.4630	410.65	2.30	0.00	-9.42	1.14	0.02	0	1	0	1.0
2230.4940	410.73	2.57	0.03	-9.39	0.65	-0.02	0	1	0	1.0
2230.5250	410.80	2.20	0.05	-9.37	0.32	-0.02	0	1	0	1.0
2230.5560	410.87	2.18	0.06	-9.37	0.49	0.04	0	1	0	1.0
2230.5870	410.93	1.96	0.07	-9.36	0.29	0.03	0	1	0	1.0
2230.6180	410.98	1.70	0.07	-9.35	0.00	0.00	0	1	0	1.0
2230.6490	411.02	1.23	0.07	-9.36	-0.43	-0.06	0	1	0	1.0
2230.6800	411.06	1.15	0.06	-9.36	-0.05	0.01	0	1	0	1.0
2230.7110	411.09	0.97	0.05	-9.38	-0.28	-0.07	0	1	0	1.0
2230.7420	411.12	0.92	0.03	-9.39	-0.51	-0.14	0	1	0	1.0
2230.7730	411.16	1.27	0.03	-9.40	-0.24	-0.12	0	1	0	1.0
2230.8040	411.22	1.98	0.04	-9.38	0.33	-0.02	0	1	0	1.0
2230.8350	411.28	2.08	0.05	-9.37	0.47	0.03	0	1	0	1.0
2230.8660	411.33	1.74	0.06	-9.37	0.17	-0.00	0	1	0	1.0
2230.8970	411.38	1.49	0.06	-9.37	-0.25	-0.06	0	1	0	1.0
2230.9280	411.43	1.62	0.06	-9.36	0.20	0.02	0	1	0	1.0
2230.9590	411.49	1.65	0.07	-9.36	0.25	0.05	0	1	0	1.0
2230.9900	411.53	1.54	0.07	-9.36	0.37	0.08	0	1	0	1.0
2231.0210	411.57	1.06	0.06	-9.36	-0.31	-0.03	0	1	0	1.0
2231.0520	411.60	0.88	0.05	-9.37	-0.63	-0.10	0	1	0	1.0
2231.0830	411.63	0.99	0.05	-9.38	-0.24	-0.05	0	1	0	1.0
2231.1140	411.66	1.00	0.04	-9.39	-0.26	-0.08	0	1	0	1.0
2231.1450	411.69	1.05	0.03	-9.40	-0.26	-0.11	0	1	0	1.0
2231.1760	411.74	1.77	0.03	-9.39	0.43	-0.02	0	1	0	1.0
2231.2070	411.80	2.12	0.04	-9.38	0.31	-0.03	0	1	0	1.0
2231.2380	411.87	2.00	0.06	-9.37	0.07	-0.04	0	1	0	1.0
2231.2690	411.93	1.91	0.06	-9.37	0.07	-0.02	0	1	0	1.0
2231.3000	411.99	2.03	0.06	-9.36	0.30	0.02	0	1	0	1.0
2231.3310	412.05	1.93	0.07	-9.35	0.21	0.03	0	1	0	1.0
2231.3620	412.10	1.47	0.07	-9.35	-0.24	-0.03	0	1	0	1.0
2231.3930	412.15	1.36	0.07	-9.36	-0.19	-0.02	0	1	0	1.0
2231.4240	412.18	1.21	0.06	-9.37	-0.11	-0.02	0	1	0	1.0
2231.4550	412.22	1.20	0.05	-9.37	-0.07	-0.02	0	1	0	1.0
2231.4860	412.26	1.28	0.04	-9.38	-0.22	-0.08	0	1	0	1.0
2231.5170	412.30	1.51	0.04	-9.39	-0.00	-0.06	0	1	0	1.0
2231.5480	412.36	2.09	0.05	-9.38	0.49	0.01	0	1	0	1.0
2231.5790	412.42	2.12	0.05	-9.37	0.30	-0.01	0	1	0	1.0
2231.6100	412.49	2.00	0.06	-9.37	0.06	-0.03	0	1	0	1.0
2231.6410	412.55	2.09	0.07	-9.35	0.26	0.03	0	1	0	1.0
2231.6720	412.61	2.05	0.07	-9.35	0.43	0.07	0	1	0	1.0
2231.7030	412.67	1.74	0.07	-9.35	0.12	0.03	0	1	0	1.0
2231.7340	412.71	1.22	0.07	-9.36	-0.54	-0.08	0	1	0	1.0
2231.7650	412.76	1.46	0.06	-9.36	-0.05	-0.00	0	1	0	1.0
2231.7960	412.80	1.36	0.06	-9.37	-0.08	-0.02	0	1	0	1.0
2231.8270	412.84	1.34	0.05	-9.38	-0.26	-0.08	0	1	0	1.0
2231.8580	412.89	1.56	0.04	-9.38	-0.24	-0.11	0	1	0	1.0
2231.8890	412.96	2.03	0.05	-9.37	0.22	-0.02	0	1	0	1.0
2231.9200	413.02	2.15	0.06	-9.37	0.29	0.00	0	1	0	1.0
2231.9510	413.07	0.92	0.10	-9.32	1.38	0.41	0	1	0	1.0
2231.9820	412.88	-7.53	0.06	-9.37	-2.56	0.10	0	1	0	1.0
2232.0130	412.57	-9.31	-0.05	-9.47	-2.72	-0.06	0	1	0	1.0
2232.0440	412.34	-7.03	-0.10	-9.52	-1.34	-0.07	0	1	0	1.0
2232.0750	412.17	-5.13	-0.12	-9.55	-0.59	-0.12	0	1	0	1.0
2232.1060	412.08	-2.56	-0.11	-9.53	0.96	0.05	0	1	0	1.0
2232.1370	412.02	-1.50	-0.08	-9.51	0.76	-0.01	0	1	0	1.0
2232.1680	412.00	-0.38	-0.05	-9.48	1.21	0.08	0	1	0	1.0
2232.1990	412.00	-0.10	-0.03	-9.45	0.95	0.07	0	1	0	1.0
2232.2300	412.01	0.20	-0.01	-9.44	0.51	0.00	0	1	0	1.0
2232.2610	412.02	0.51	-0.00	-9.43	0.45	-0.00	0	1	0	1.0
2232.2920	412.05	0.93	0.01	-9.41	0.46	0.01	0	1	0	1.0
2232.3230	412.08	0.88	0.02	-9.40	0.03	-0.05	0	1	0	1.0
2232.3540	412.11	1.17	0.03	-9.39	0.11	-0.03	0	1	0	1.0
2232.3850	412.15	1.29	0.04	-9.39	0.30	0.01	0	1	0	1.0
2232.4160	412.18	1.19	0.04	-9.39	0.19	-0.01	0	1	0	1.0
2232.4470	412.22	1.16	0.04	-9.39	-0.19	-0.08	0	1	0	1.0
2232.4780	412.26	1.36	0.03	-9.39	-0.01	-0.07	0	1	0	1.0
2232.5090	412.31	1.68	0.03	-9.39	0.24	-0.04	0	1	0	1.0
2232.5400	412.37	1.75	0.08	-9.34	4.99	1.00	0	1	0	1.0
2232.5710	412.08	-11.67	0.01	-9.42	-4.28	-0.07	0	1	0	1.0
2232.6020	411.71	-13.19	-0.09	-9.51	-5.67	-0.48	0	1	0	1.0
2232.6330	411.42	-8.29	-0.14	-9.56	-0.74	0.03	0	1	0	1.0
2232.6640	411.22	-4.94	-0.15	-9.58	1.41	0.19	0	1	0	1.0
2232.6950	411.08	-3.97	-0.16	-9.59	0.40	-0.10	0	1	0	1.0
2232.7260	411.02	-1.83	-0.12	-9.55	0.69	-0.09	0	1	0	1.0
2232.7570	411.00	-0.55	-0.08	-9.51	1.54	0.08	0	1	0	1.0
2232.7880	410.99	-0.27	-0.06	-9.48	1.01	0.02	0	1	0	1.0
2232.8190	411.00	0.30	-0.04	-9.46	0.55	-0.05	0	1	0	1.0
2232.8500	411.02	0.63	-0.01	-9.44	0.48	-0.04	0	1	0	1.0
2232.8810	411.05	1.07	0.00	-9.42	0.58	-0.01	0	1	0	1.0
2232.9120	411.08	0.98	0.01	-9.42	0.20	-0.06	0	1	0	1.0
2232.9430	411.11	1.02	0.01	-9.41	0.00	-0.10	0	1	0	1.0
2232.9740	411.15	1.44	0.01	-9.41	0.25	-0.07	0	1	0	1.0
2233.0050	411.21	2.14	0.03	-9.40	0.75	0.02	0	1	0	1.0
2233.0360	411.28	2.26	0.05	-9.38	0.53	0.01	0	1	0	1.0
2233.0670	411.34	1.80	0.05	-9.37	0.00	-0.04	0	1	0	1.0
2233.0980	411.39	1.71	0.06	-9.37	0.01	-0.03	0	1	0	1.0
2233.1290	411.45	1.75	0.06	-9.36	0.24	0.03	0	1	0	1.0
2233.1600	411.50	1.72	0.07	-9.35	0.25	0.05	0	1	0	1.0
2233.1910	411.43	-7.27	0.10	-9.33	-4.65	-0.24	0	1	0	1.0
2233.2220	411.12	-8.50	0.00	-9.42	-1.29	0.29	0	1	0	1.0
2233.2530	410.84	-6.97	-0.09	-9.51	0.21	0.25	0	1	0	1.0
2233.2840	410.65	-5.89	-0.11	-9.54	-0.90	-0.11	0	1	0	1.0
2233.3150	410.52	-3.87	-0.12	-9.54	0.19	-0.04	0	1	0	1.0
2233.3460	410.44	-2.25	-0.10	-9.52	0.75	0.01	0	1	0	1.0
2233.3770	410.39	-1.42	-0.08	-9.51	0.51	-0.05	0	1	0	1.0
2233.4080	410.37	-0.43	-0.06	-9.48	1.00	0.04	0	1	0	1.0
2233.4390	410.37	-0.13	-0.04	-9.46	0.55	-0.03	0	1	0	1.0
2233.4700	410.38	0.32	-0.02	-9.44	0.64	0.00	0	1	0	1.0
2233.5010	410.40	0.56	-0.00	-9.43	0.08	-0.08	0	1	0	1.0
2233.5320	410.43	1.05	0.02	-9.41	0.40	-0.00	0	1	0	1.0
2233.5630	410.46	1.06	0.02	-9.40	0.49	0.03	0	1	0	1.0
2233.5940	410.49	0.98	0.03	-9.40	0.05	-0.04	0	1	0	1.0
2233.6250	410.52	0.86	0.03	-9.40	-0.06	-0.06	0	1	0	1.0
2233.6560	410.54	0.86	0.02	-9.40	-0.06	-0.07	0	1	0	1.0
2233.6870	410.58	1.31	0.02	-9.40	0.37	-0.02	0	1	0	1.0
2233.7180	410.63	1.71	0.03	-9.40	0.47	-0.01	0	1	0	1.0
2233.7490	410.69	2.13	0.04	-9.38	0.75	0.06	0	1	0	1.0
2233.7800	410.74	1.71	0.05	-9.37	0.03	-0.03	0	1	0	1.0
2233.8110	410.79	1.47	0.06	-9.37	0.00	-0.01	0	1	0	1.0
2233.8420	410.84	1.40	0.06	-9.37	-0.13	-0.03	0	1	0	1.0
2233.8730	410.88	1.42	0.06	-9.37	0.06	0.01	0	1	0	1.0
2233.9040	410.92	1.49	0.06	-9.36	0.27	0.05	0	1	0	1.0
2233.9350	410.96	1.12	0.06	-9.36	-0.24	-0.03	0	1	0	1.0
2233.9660	410.99	0.96	0.06	-9.37	-0.24	-0.02	0	1	0	1.0
2233.9970	411.02	0.77	0.05	-9.37	-0.48	-0.07	0	1	0	1.0
2234.0280	411.05	0.85	0.05	-9.38	-0.24	-0.05	0	1	0	1.0
2234.0590	411.07	0.67	0.04	-9.39	-0.30	-0.06	0	1	0	1.0
2234.0900	411.09	0.80	0.03	-9.39	-0.26	-0.08	0	1	0	1.0
2234.1210	411.12	0.94	0.02	-9.40	-0.21	-0.10	0	1	0	1.0
2234.1520	411.16	1.40	0.02	-9.40	0.24	-0.05	0	1	0	1.0
2234.1830	411.22	2.15	0.04	-9.39	0.99	0.08	0	1	0	1.0
2234.2140	411.28	1.90	0.05	-9.38	0.26	-0.02	0	1	0	1.0
2234.2450	411.33	1.55	0.05	-9.37	-0.18	-0.06	0	1	0	1.0
2234.2760	411.38	1.49	0.05	-9.37	-0.22	-0.07	0	1	0	1.0
2234.3070	411.43	1.42	0.06	-9.37	-0.09	-0.03	0	1	0	1.0
2234.3380	411.48	1.63	0.07	-9.36	0.22	0.04	0	1	0	1.0
2234.3690	411.52	1.37	0.06	-9.36	0.14	0.04	0	1	0	1.0
2234.4000	411.56	1.02	0.06	-9.36	-0.29	-0.03	0	1	0	1.0
2234.4310	411.59	0.90	0.06	-9.37	-0.38	-0.05	0	1	0	1.0
2234.4620	411.62	1.15	0.05	-9.38	0.03	-0.01	0	1	0	1.0
2234.4930	411.65	0.85	0.04	-9.39	-0.32	-0.08	0	1	0	1.0
2234.5240	411.68	0.97	0.03	-9.40	-0.27	-0.10	0	1	0	1.0
2234.5550	411.71	1.40	0.03	-9.40	0.22	-0.04	0	1	0	1.0
2234.5860	411.77	1.98	0.03	-9.39	0.50	-0.01	0	1	0	1.0
2234.6170	411.84	2.26	0.05	-9.38	0.55	0.02	0	1	0	1.0
2234.6480	411.80	-5.87	0.10	-9.32	-2.45	0.13	0	1	0	1.0
2234.6790	411.45	-8.06	-0.01	-9.44	1.04	0.69	0	1	0	1.0
2234.7100	411.15	-8.00	-0.10	-9.53	0.02	0.26	0	1	0	1.0
2234.7410	410.94	-6.44	-0.14	-9.56	-0.85	-0.11	0	1	0	1.0
2234.7720	410.82	-4.07	-0.12	-9.55	-0.01	-0.08	0	1	0	1.0
2234.8030	410.74	-1.98	-0.09	-9.52	1.32	0.12	0	1	0	1.0
2234.8340	410.69	-1.36	-0.07	-9.50	1.12	0.08	0	1	0	1.0
2234.8650	410.65	-1.14	-0.06	-9.49	0.21	-0.09	0	1	0	1.0
2234.8960	410.64	-0.36	-0.04	-9.46	0.53	-0.02	0	1	0	1.0
2234.9270	410.64	0.01	-0.03	-9.45	0.50	-0.02	0	1	0	1.0
2234.9580	410.65	0.47	-0.01	-9.44	0.50	-0.02	0	1	0	1.0
2234.9890	410.68	0.96	0.00	-9.42	0.52	-0.01	0	1	0	1.0
2235.0200	410.71	1.05	0.02	-9.41	0.46	0.01	0	1	0	1.0
2235.0510	410.74	0.98	0.03	-9.40	0.02	-0.05	0	1	0	1.0
2235.0820	410.78	1.07	0.04	-9.39	0.05	-0.02	0	1	0	1.0
2235.1130	410.81	1.17	0.04	-9.38	0.25	0.02	0	1	0	1.0
2235.1440	410.85	1.10	0.04	-9.38	0.19	0.01	0	1	0	1.0
2235.1750	410.88	1.15	0.05	-9.38	0.01	-0.02	0	1	0	1.0
2235.2060	410.93	1.30	0.06	-9.36	-0.05	-0.00	0	1	0	1.0
2235.2370	410.95	0.59	0.05	-9.38	-0.27	-0.03	0	1	0	1.0
2235.2680	410.96	0.40	0.03	-9.39	-0.46	-0.09	0	1	0	1.0
2235.2990	410.97	0.69	0.01	-9.41	-0.38	-0.14	0	1	0	1.0
2235.3300	410.99	0.53	-0.01	-9.44	-1.15	-0.35	0	1	0	1.0
2235.3610	411.01	0.66	-0.04	-9.47	-1.03	-0.41	0	1	0	1.0
2235.3920	411.03	0.68	-0.09	-9.51	-1.56	-0.63	0	1	0	1.0
2235.4230	411.06	0.86	-0.14	-9.57	-2.17	-0.91	0	1	0	1.0
2235.4540	411.08	0.73	-0.23	-9.66	-3.71	-1.00	0	1	0	-1.0
2235.4850	411.09	-0.54	-0.40	-9.82	-7.11	0.00	0	0	1	-1.0
2235.5160	411.08	0.05	-0.64	-10.07	-8.77	0.00	0	0	1	-1.0
2235.5470	411.11	0.89	-0.98	-10.40	-12.26	0.00	0	0	1	-1.0
2235.5780	411.15	1.69	-1.45	-10.87	-17.13	0.00	0	0	1	-1.0
2235.6090	411.23	2.84	-2.08	-11.50	-22.53	0.01	0	0	1	-1.0
2235.6400	411.34	3.49	-2.85	-12.27	-25.65	0.14	0	0	1	-1.0
2235.6710	411.36	-0.48	2.72	-12.99	-20.79	0.12	0	0	1	-1.0
2235.7020	411.25	-3.70	2.17	-13.54	-15.76	0.01	0	0	1	-1.0
2235.7330	411.12	-4.69	1.77	-13.93	-10.30	0.00	0	0	1	-1.0
2235.7640	410.96	-4.75	1.55	-14.16	-4.79	0.00	0	0	1	-1.0
2235.7950	410.83	-4.29	1.51	-14.20	0.87	-0.00	0	0	1	-1.0
2235.8260	410.72	-3.15	1.64	-14.06	6.72	-0.00	0	0	1	-1.0
2235.8570	410.64	-2.48	1.95	-13.76	12.20	-0.00	0	0	1	-1.0
2235.8880	410.54	-3.65	2.43	-13.28	17.69	-0.05	0	0	1	-1.0
2235.9190	410.43	-2.78	3.01	-12.70	17.83	-0.18	0	0	1	-1.0
2235.9500	410.48	2.70	-2.83	-12.26	11.90	-0.12	0	0	1	-1.0
2235.9810	410.63	5.11	-2.53	-11.95	8.81	-0.05	0	0	1	-1.0
2236.0120	410.82	6.18	-2.33	-11.75	5.00	-0.01	0	0	1	-1.0
2236.0430	411.02	6.82	-2.25	-11.67	1.02	-0.00	0	0	1	-1.0
2236.0740	411.23	6.32	-2.28	-11.70	-2.32	0.00	0	0	1	-1.0
2236.1050	411.41	5.87	-2.41	-11.84	-5.51	0.02	0	0	1	-1.0
2236.1360	411.59	5.71	-2.64	-12.06	-8.53	0.06	0	0	1	-1.0
2236.1670	411.72	3.20	-2.89	-12.31	-7.38	0.08	0	0	1	-1.0
2236.1980	411.73	-0.35	-3.06	-12.49	-4.71	0.06	0	0	1	-1.0
2236.2290	411.65	-3.10	3.11	-12.60	-2.64	0.04	0	0	1	-1.0
2236.2600	411.52	-4.21	3.05	-12.65	-1.58	0.02	0	0	1	-1.0
2236.2910	411.38	-4.54	3.02	-12.68	-0.56	0.01	0	0	1	-1.0
2236.3220	411.26	-3.51	3.00	-12.71	-1.25	0.02	0	0	1	-1.0
2236.3530	411.16	-3.29	2.97	-12.74	-0.15	0.00	0	0	1	-1.0
2236.3840	411.05	-3.77	3.00	-12.71	1.25	-0.02	0	0	1	-1.0
2236.4150	410.95	-2.90	3.03	-12.67	1.02	-0.01	0	0	1	-1.0
2236.4460	410.88	-2.21	3.06	-12.65	1.00	-0.01	0	0	1	-1.0
2236.4770	410.83	-1.35	3.09	-12.62	0.53	-0.01	0	0	1	-1.0
2236.5080	410.82	-0.12	3.08	-12.63	-0.51	0.01	0	0	1	-1.0
2236.5390	410.83	0.16	3.08	-12.63	0.19	-0.00	0	0	1	-1.0
2236.5700	410.83	0.16	3.09	-12.62	0.50	-0.01	0	0	1	-1.0
2236.6010	410.84	0.28	3.11	-12.60	0.76	-0.01	0	0	1	-1.0
2236.6320	410.85	0.53	3.13	-12.58	0.72	-0.01	0	0	1	-1.0
2236.6630	410.88	0.82	-3.14	-12.56	0.51	-0.01	0	0	1	-1.0
2236.6940	410.91	1.10	-3.13	-12.55	0.08	-0.00	0	0	1	-1.0
2236.7250	410.95	1.61	-3.13	-12.56	-0.25	0.00	0	0	1	-1.0
2236.7560	411.01	1.91	3.13	-12.57	-0.51	0.01	0	0	1	-1.0
2236.7870	411.06	1.28	3.14	-12.57	0.43	-0.01	0	0	1	-1.0
2236.8180	411.07	0.24	-3.11	-12.54	1.50	-0.02	0	0	1	-1.0
2236.8490	411.07	-0.15	-3.06	-12.49	1.30	-0.02	0	0	1	-1.0
2236.8800	411.07	-0.18	-3.04	-12.46	0.78	-0.01	0	0	1	-1.0
2236.9110	411.06	-0.09	-3.02	-12.45	0.27	-0.00	0	0	1	-1.0
2236.9420	411.06	-0.21	-3.02	-12.45	-0.24	0.00	0	0	1	-1.0
2236.9730	411.05	-0.30	-3.04	-12.47	-0.71	0.01	0	0	1	-1.0
2237.0040	411.04	-0.41	-3.07	-12.50	-1.03	0.01	0	0	1	-1.0
2237.0350	411.02	-0.63	-3.11	-12.53	-1.04	0.01	0	0	1	-1.0
2237.0660	411.00	-0.46	3.14	-12.57	-1.33	0.02	0	0	1	-1.0
2237.0970	410.99	-0.44	3.10	-12.61	-1.23	0.02	0	0	1	-1.0
2237.1280	410.97	-0.61	3.07	-12.64	-0.58	0.01	0	0	1	-1.0
2237.1590	410.96	-0.45	3.06	-12.65	-0.31	0.00	0	0	1	-1.0
2237.1900	410.95	-0.21	3.05	-12.65	-0.21	0.00	0	0	1	-1.0
2237.2210	410.96	0.08	3.06	-12.65	0.25	-0.00	0	0	1	-1.0
2237.2520	410.96	0.19	3.08	-12.63	0.76	-0.01	0	0	1	-1.0
2237.2830	410.97	0.36	3.11	-12.60	0.97	-0.01	0	0	1	-1.0
2237.3140	410.99	0.84	3.13	-12.57	0.58	-0.01	0	0	1	-1.0
2237.3450	411.03	1.07	-3.13	-12.56	0.55	-0.01	0	0	1	-1.0
2237.3760	411.05	0.72	-3.11	-12.53	1.15	-0.02	0	0	1	-1.0
2237.4070	411.06	0.31	-3.07	-12.49	1.33	-0.02	0	0	1	-1.0
2237.4380	411.06	-0.00	-3.03	-12.46	0.79	-0.01	0	0	1	-1.0
2237.4690	411.06	-0.03	-3.02	-12.44	0.28	-0.00	0	0	1	-1.0
2237.5000	411.06	-0.12	-3.02	-12.44	-0.40	0.01	0	0	1	-1.0
2237.5310	411.05	-0.23	-3.04	-12.46	-0.76	0.01	0	0	1	-1.0
2237.5620	411.04	-0.39	-3.07	-12.49	-1.07	0.01	0	0	1	-1.0
2237.5930	411.02	-0.63	-3.10	-12.53	-1.21	0.02	0	0	1	-1.0
2237.6240	411.00	-0.45	3.14	-12.57	-1.32	0.02	0	0	1	-1.0
2237.6550	410.99	-0.39	3.10	-12.61	-1.29	0.02	0	0	1	-1.0
2237.6860	410.98	-0.59	3.07	-12.64	-0.39	0.01	0	0	1	-1.0
2237.7170	410.96	-0.50	3.07	-12.64	0.01	-0.00	0	0	1	-1.0
2237.7480	410.95	-0.16	3.07	-12.64	-0.44	0.01	0	0	1	-1.0
2237.7790	410.96	0.06	3.06	-12.65	-0.01	0.00	0	0	1	-1.0
2237.8100	410.96	0.08	3.06	-12.65	-0.01	0.00	0	0	1	-1.0
2237.8410	410.96	0.09	3.06	-12.64	0.20	-0.00	0	0	1	-1.0
2237.8720	410.96	0.09	3.07	-12.64	0.24	-0.00	0	0	1	-1.0
2237.9030	410.97	0.06	3.07	-12.64	0.19	-0.00	0	0	1	-1.0
2237.9340	410.97	0.09	3.07	-12.63	0.16	-0.00	0	0	1	-1.0
2237.9650	410.97	0.13	3.07	-12.63	0.01	-0.00	0	0	1	-1.0
2237.9960	410.98	0.10	3.07	-12.63	0.00	0.00	1	0	0	-1.0
2238.0270	410.98	0.09	3.08	-12.63	0.05	0.00	1	0	0	-1.0
2238.0580	410.98	0.09	3.08	-12.63	0.01	0.00	1	0	0	-1.0
2238.0890	410.98	0.09	3.08	-12.63	0.00	0.00	1	0	0	-1.0
2238.1200	410.98	0.01	3.09	-12.62	0.29	0.00	1	0	0	-1.0
2238.1510	410.98	0.00	3.10	-12.60	0.72	0.01	1	0	0	-1.0
2238.1820	410.98	-0.00	3.12	-12.59	0.31	0.00	1	0	0	-1.0
2238.2130	410.98	-0.00	3.13	-12.58	0.45	0.01	1	0	0	-1.0
2238.2440	410.98	-0.00	3.14	-12.57	0.06	0.00	1	0	0	-1.0
2238.2750	410.98	-0.00	3.14	-12.57	0.19	0.00	1	0	0	-1.0
2238.3060	410.98	-0.00	-3.14	-12.57	0.24	0.00	1	0	0	-1.0
2238.3370	410.98	-0.00	-3.14	-12.56	0.00	0.00	1	0	0	-1.0
2238.3680	410.98	0.00	-3.14	-12.56	0.00	0.00	1	0	0	-1.0
2238.3990	410.98	0.00	-3.14	-12.56	0.01	0.00	1	0	0	-1.0
2238.4300	410.98	0.00	-3.14	-12.56	0.01	0.00	1	0	0	-1.0
2238.4610	410.98	0.00	-3.14	-12.56	0.00	0.00	1	0	0	-1.0
2238.4920	410.98	0.00	-3.13	-12.56	0.05	0.00	1	0	0	-1.0
2238.5230	410.98	0.00	-3.13	-12.56	0.01	0.00	1	0	0	-1.0
2238.5540	410.98	0.00	-3.13	-12.56	0.01	0.00	1	0	0	-1.0
2238.5850	410.98	0.00	-3.13	-12.56	0.00	0.00	1	0	0	-1.0
2238.6160	410.98	0.00	-3.13	-12.55	0.18	0.00	1	0	0	-1.0
2238.6470	410.98	0.00	-3.13	-12.56	-0.00	-0.00	1	0	0	-1.0
2238.6780	410.98	0.00	-3.13	-12.56	-0.00	-0.00	1	0	0	-1.0
2238.7090	410.98	0.01	-3.13	-12.56	-0.00	-0.00	1	0	0	-1.0
2238.7400	410.98	0.01	-3.13	-12.56	-0.00	-0.00	1	0	0	-1.0
2238.7710	410.98	0.04	-3.13	-12.56	-0.05	-0.00	1	0	0	-1.0
2238.8020	410.98	0.10	-3.14	-12.56	-0.05	-0.00	1	0	0	-1.0
2238.8330	410.99	0.24	-3.14	-12.56	-0.21	-0.00	1	0	0	-1.0
2238.8640	411.00	0.42	3.14	-12.57	-0.26	-0.00	1	0	0	-1.0
2238.8950	411.02	0.40	3.13	-12.58	-0.02	-0.00	1	0	0	-1.0
2238.9260	411.02	0.20	3.14	-12.57	0.49	0.01	1	0	0	-1.0
2238.9570	411.02	-0.08	-3.13	-12.55	0.37	0.01	1	0	0	-1.0
2238.9880	411.01	-0.06	-3.11	-12.54	0.46	0.01	1	0	0	-1.0
2239.0190	411.01	-0.05	-3.10	-12.53	0.41	0.01	1	0	0	-1.0
2239.0500	411.01	-0.05	-3.10	-12.53	0.01	0.00	1	0	0	-1.0
2239.0810	411.01	-0.03	-3.10	-12.53	-0.05	-0.00	1	0	0	-1.0
2239.1120	411.01	-0.00	-3.11	-12.53	-0.07	-0.00	1	0	0	-1.0
2239.1430	411.02	0.00	-3.12	-12.54	-0.31	-0.00	1	0	0	-1.0
2239.1740	411.02	0.02	-3.13	-12.56	-0.50	-0.01	1	0	0	-1.0
2239.2050	411.02	0.03	3.14	-12.57	-0.45	-0.01	1	0	0	-1.0
2239.2360	411.02	0.03	3.13	-12.58	-0.26	-0.00	1	0	0	-1.0
2239.2670	411.02	0.03	3.13	-12.58	-0.02	-0.00	1	0	0	-1.0
2239.2980	411.02	0.01	3.13	-12.58	0.19	0.00	1	0	0	-1.0
2239.3290	411.02	-0.00	3.14	-12.57	0.41	0.01	1	0	0	-1.0
2239.3600	411.02	-0.02	-3.14	-12.56	0.26	0.00	1	0	0	-1.0
2239.3910	411.02	-0.02	-3.13	-12.55	0.30	0.00	1	0	0	-1.0
2239.4220	411.02	-0.02	-3.12	-12.54	0.30	0.00	1	0	0	-1.0
2239.4530	411.02	-0.01	-3.11	-12.54	0.06	0.00	1	0	0	-1.0
2239.4840	411.02	-0.00	-3.11	-12.53	0.05	0.00	1	0	0	-1.0
2239.5150	411.02	-0.00	-3.11	-12.53	-0.05	-0.00	1	0	0	-1.0
2239.5460	411.02	-0.00	-3.11	-12.54	-0.21	-0.00	1	0	0	-1.0
2239.5770	411.02	-0.00	-3.12	-12.55	-0.26	-0.00	1	0	0	-1.0
2239.6080	411.02	-0.00	-3.13	-12.55	-0.45	-0.01	1	0	0	-1.0
2239.6390	411.02	0.00	-3.14	-12.56	-0.25	-0.00	1	0	0	-1.0
2239.6700	411.02	0.00	3.14	-12.57	-0.06	-0.00	1	0	0	-1.0
2239.7010	411.02	0.00	3.14	-12.57	-0.05	-0.00	1	0	0	-1.0
2239.7320	411.02	0.00	3.14	-12.57	-0.00	-0.00	1	0	0	-1.0
2239.7630	411.02	0.00	3.14	-12.57	0.24	0.00	1	0	0	-1.0
2239.7940	411.02	0.00	-3.14	-12.56	0.26	0.00	1	0	0	-1.0
2239.8250	411.02	0.00	-3.13	-12.56	0.10	0.00	1	0	0	-1.0
2239.8560	411.02	0.00	-3.12	-12.55	0.24	0.00	1	0	0	-1.0
2239.8870	411.02	0.00	-3.12	-12.54	0.21	0.00	1	0	0	-1.0
2239.9180	411.02	0.00	-3.11	-12.54	0.19	0.00	1	0	0	-1.0
2239.9490	411.02	0.00	-3.11	-12.54	0.00	0.00	1	0	0	-1.0
2239.9800	411.02	0.00	-3.12	-12.54	-0.19	-0.00	1	0	0	-1.0
2240.0110	411.02	0.00	-3.12	-12.55	-0.25	-0.00	1	0	0	-1.0
2240.0420	411.02	0.00	-3.13	-12.55	-0.25	-0.00	1	0	0	-1.0
2240.0730	411.02	0.00	-3.13	-12.56	-0.24	-0.00	1	0	0	-1.0
2240.1040	411.02	0.00	-3.14	-12.56	-0.20	-0.00	1	0	0	-1.0
2240.1350	411.02	0.00	3.14	-12.57	-0.05	-0.00	1	0	0	-1.0
2240.1660	411.02	0.00	3.14	-12.57	-0.00	-0.00	1	0	0	-1.0
2240.1970	411.02	0.00	-3.14	-12.57	0.21	0.00	1	0	0	-1.0
2240.2280	411.02	0.00	-3.14	-12.56	0.21	0.00	1	0	0	-1.0
2240.2590	411.02	0.00	-3.13	-12.56	0.06	0.00	1	0	0	-1.0
2240.2900	411.02	-0.00	-3.13	-12.55	0.02	0.00	1	0	0	-1.0
2240.3210	411.02	-0.00	-3.12	-12.55	0.05	0.00	1	0	0	-1.0
2240.3520	411.02	-0.00	-3.12	-12.54	0.05	0.00	1	0	0	-1.0
2240.3830	411.02	-0.00	-3.12	-12.54	0.00	0.00	1	0	0	-1.0
2240.4140	411.02	-0.00	-3.12	-12.54	-0.01	-0.00	1	0	0	-1.0
2240.4450	411.02	-0.00	-3.12	-12.55	-0.06	-0.00	1	0	0	-1.0
2240.4760	411.02	-0.00	-3.13	-12.55	-0.21	-0.00	1	0	0	-1.0
2240.5070	411.02	-0.00	-3.13	-12.56	-0.01	-0.00	1	0	0	-1.0
2240.5380	411.02	-0.00	-3.14	-12.56	-0.20	-0.00	1	0	0	-1.0
2240.5690	411.02	-0.00	-3.14	-12.56	-0.00	-0.00	1	0	0	-1.0
2240.6000	411.02	-0.00	-3.14	-12.56	-0.00	-0.00	1	0	0	-1.0
2240.6310	411.02	-0.00	-3.14	-12.56	0.05	0.00	1	0	0	-1.0
2240.6620	411.02	-0.00	-3.13	-12.56	0.05	0.00	1	0	0	-1.0
2240.6930	411.02	-0.00	-3.13	-12.56	0.05	0.00	1	0	0	-1.0
2240.7240	411.02	-0.00	-3.13	-12.55	0.20	0.00	1	0	0	-1.0
2240.7550	411.02	-0.00	-3.12	-12.55	0.20	0.00	1	0	0	-1.0
2240.7860	411.02	0.05	3.13	-12.58	-2.58	-0.04	1	0	0	-1.0
2240.8170	411.03	0.42	3.04	-12.67	-3.00	-0.05	1	0	0	-1.0
2240.8480	411.05	0.86	2.95	-12.75	-2.39	-0.03	1	0	0	-1.0
2240.8790	411.07	0.51	2.91	-12.80	-0.47	-0.01	1	0	0	-1.0
2240.9100	411.07	-0.39	2.94	-12.77	1.68	0.02	1	0	0	-1.0
2240.9410	411.04	-1.04	3.02	-12.69	3.25	0.05	1	0	0	-1.0
2240.9720	410.98	-1.96	-3.14	-12.56	4.69	0.07	1	0	0	-1.0
2241.0030	410.88	-3.98	-2.96	-12.39	6.49	0.09	1	0	0	-1.0
2241.0340	410.72	-5.10	-2.76	-12.19	5.67	0.06	1	0	0	-1.0
2241.0650	410.54	-6.08	-2.60	-12.03	4.95	0.04	1	0	0	-1.0
2241.0960	410.34	-6.61	-2.50	-11.92	2.45	0.01	1	0	0	-1.0
2241.1270	410.15	-5.71	-2.49	-11.91	-1.49	-0.01	1	0	0	-1.0
2241.1580	410.00	-4.53	-2.60	-12.03	-5.18	-0.04	1	0	0	-1.0
2241.1890	409.90	-2.84	-2.83	-12.25	-8.94	-0.11	1	0	0	-1.0
2241.2200	409.88	-0.05	3.10	-12.61	-12.94	-0.18	1	0	0	-1.0
2241.2510	409.97	3.64	2.65	-13.06	-14.58	-0.11	1	0	0	-1.0
2241.2820	410.10	3.99	2.25	-13.46	-11.32	-0.02	1	0	0	-1.0
2241.3130	410.23	4.20	1.98	-13.72	-6.77	-0.00	1	0	0	-1.0
2241.3440	410.35	4.02	1.87	-13.84	-1.38	-0.00	1	0	0	-1.0
2241.3750	410.48	4.08	1.92	-13.78	3.81	0.00	1	0	0	-1.0
2241.4060	410.58	2.67	2.15	-13.56	9.63	0.01	1	0	0	-1.0
2241.4370	410.60	-0.00	2.56	-13.14	15.67	0.09	1	0	0	-1.0
2241.4680	410.51	-4.09	-3.14	-12.56	20.73	0.22	1	0	0	-1.0
2241.4990	410.28	-8.06	-2.43	-11.85	22.88	0.06	1	0	0	-1.0
2241.5300	410.05	-7.00	-1.79	-11.21	18.44	0.00	1	0	0	-1.0
2241.5610	409.85	-6.35	-1.32	-10.74	12.81	0.00	1	0	0	-1.0
2241.5920	409.65	-6.24	-1.02	-10.45	7.12	0.00	1	0	0	-1.0
2241.6230	409.47	-5.70	-0.90	-10.32	2.10	0.00	1	0	0	-1.0
2241.6540	409.30	-5.57	-0.92	-10.35	-2.99	-0.00	1	0	0	-1.0
2241.6850	409.13	-5.13	-1.12	-10.54	-8.30	-0.00	1	0	0	-1.0
2241.7160	409.00	-3.76	-1.46	-10.89	-13.37	-0.00	1	0	0	-1.0
2241.7470	408.93	-1.96	-1.99	-11.41	-19.08	-0.00	1	0	0	-1.0
2241.7780	408.92	0.04	-2.67	-12.09	-23.96	-0.12	1	0	0	-1.0
2241.8090	408.99	3.04	2.80	-12.91	-27.22	-0.14	1	0	0	-1.0
2241.8400	409.11	3.52	1.99	-13.72	-24.23	-0.00	1	0	0	-1.0
2241.8710	409.20	2.63	1.35	-14.36	-18.37	-0.00	1	0	0	-1.0
2241.9020	409.28	2.79	0.89	-14.82	-12.84	-0.00	1	0	0	-1.0
2241.9330	409.36	2.69	0.57	-15.14	-8.99	-0.00	1	0	0	-1.0
2241.9640	409.50	6.72	0.39	-15.32	-0.84	0.29	1	0	0	-1.0
2241.9950	409.70	4.83	0.35	-15.36	-2.82	-0.08	1	0	0	-1.0
2242.0260	409.82	2.97	0.30	-15.41	-2.33	0.02	1	0	0	-1.0
2242.0570	409.85	1.30	0.22	-15.49	-1.50	0.11	1	0	0	-1.0
2242.0880	409.87	0.63	0.16	-15.54	-1.85	-0.06	1	0	0	-1.0
2242.1190	409.87	0.14	0.12	-15.59	-1.65	-0.08	1	0	0	-1.0
2242.1500	409.87	-0.46	0.09	-15.62	-1.04	0.00	0	1	0	-1.0
2242.1810	409.85	-0.43	0.07	-15.64	-0.39	0.07	0	1	0	-1.0
2242.2120	409.83	-0.67	0.05	-15.66	-0.54	0.00	0	1	0	-1.0
2242.2430	409.82	-0.49	0.04	-15.67	-0.26	0.02	0	1	0	-1.0
2242.2740	409.80	-0.57	0.03	-15.68	-0.08	0.04	0	1	0	-1.0
2242.3050	409.78	-0.46	0.02	-15.69	0.13	0.06	0	1	0	-1.0
2242.3360	409.77	-0.49	0.02	-15.69	-0.24	-0.02	0	1	0	-1.0
2242.3670	409.76	-0.40	0.02	-15.69	0.01	0.03	0	1	0	-1.0
2242.3980	409.74	-0.45	0.02	-15.69	-0.05	0.01	0	1	0	-1.0
2242.4290	409.73	-0.34	0.02	-15.69	0.01	0.02	0	1	0	-1.0
2242.4600	409.72	-0.33	0.02	-15.68	0.01	0.03	0	1	0	-1.0
2242.4910	409.71	-0.36	0.02	-15.68	-0.14	0.01	0	1	0	-1.0
2242.5220	409.70	-0.37	0.03	-15.68	0.06	0.05	0	1	0	-1.0
2242.5530	409.69	-0.37	0.03	-15.68	0.06	0.05	0	1	0	-1.0
2242.5840	409.68	-0.35	0.03	-15.68	0.06	0.06	0	1	0	-1.0
2242.6150	409.66	-0.52	0.03	-15.67	-0.14	0.04	0	1	0	-1.0
2242.6460	409.64	-0.72	0.04	-15.67	0.00	0.09	0	1	0	-1.0
2242.6770	409.61	-0.95	0.03	-15.68	-0.06	0.07	0	1	0	-1.0
2242.7080	409.57	-1.18	0.02	-15.69	-0.27	0.02	0	1	0	-1.0
2242.7390	409.54	-0.99	0.01	-15.70	-0.20	0.00	0	1	0	-1.0
2242.7700	409.52	-0.71	0.01	-15.70	0.03	0.02	0	1	0	-1.0
2242.8010	409.49	-0.83	0.00	-15.71	-0.11	-0.01	0	1	0	-1.0
2242.8320	409.48	-0.58	0.00	-15.70	-0.37	-0.08	0	1	0	-1.0
2242.8630	409.46	-0.46	0.00	-15.70	-0.18	-0.04	0	1	0	-1.0
2242.8940	409.45	-0.30	0.01	-15.70	0.02	-0.01	0	1	0	-1.0
2242.9250	409.45	-0.19	0.01	-15.70	0.06	-0.01	0	1	0	-1.0
2242.9560	409.44	-0.26	0.01	-15.70	0.20	0.03	0	1	0	-1.0
2242.9870	409.44	-0.18	0.01	-15.70	0.24	0.04	0	1	0	-1.0
2243.0180	409.44	-0.07	0.01	-15.70	0.19	0.02	0	1	0	-1.0
2243.0490	409.44	0.03	0.01	-15.69	0.22	0.02	0	1	0	-1.0
2243.0800	409.44	0.13	0.01	-15.70	-0.01	-0.03	0	1	0	-1.0
2243.1110	409.44	0.24	0.01	-15.70	-0.06	-0.05	0	1	0	-1.0
2243.1420	409.45	0.25	0.01	-15.69	-0.18	-0.07	0	1	0	-1.0
2243.1730	409.46	0.38	0.02	-15.69	0.25	0.01	0	1	0	-1.0
2243.2040	409.51	4.00	-0.02	-15.73	0.01	-0.39	0	1	0	-1.0
2243.2350	409.86	11.16	0.07	-15.64	1.27	-0.40	0	1	0	-1.0
2243.2660	410.28	12.25	0.19	-15.52	2.24	0.01	0	1	0	-1.0
2243.2970	410.59	9.22	0.24	-15.47	1.22	0.15	0	1	0	-1.0
2243.3280	410.78	6.05	0.23	-15.48	0.11	0.13	0	1	0	-1.0
2243.3590	410.91	3.52	0.21	-15.49	-1.24	-0.01	0	1	0	-1.0
2243.3900	411.00	2.58	0.19	-15.52	-0.89	0.06	0	1	0	-1.0
2243.4210	411.03	0.98	0.14	-15.56	-1.16	0.00	0	1	0	-1.0
2243.4520	411.05	0.69	0.11	-15.60	-1.45	-0.12	0	1	0	-1.0
2243.4830	411.06	0.43	0.08	-15.63	-0.81	-0.04	0	1	0	-1.0
2243.5140	411.06	0.24	0.06	-15.65	-0.38	0.00	0	1	0	-1.0
2243.5450	411.06	-0.05	0.05	-15.66	-0.33	-0.00	0	1	0	-1.0
2243.5760	411.06	-0.15	0.03	-15.68	-0.28	-0.02	0	1	0	-1.0
2243.6070	411.06	-0.04	0.02	-15.68	-0.12	-0.01	0	1	0	-1.0
2243.6380	411.06	-0.02	0.02	-15.69	-0.30	-0.07	0	1	0	-1.0
2243.6690	411.06	0.35	0.01	-15.70	-0.30	-0.10	0	1	0	-1.0
2243.7000	411.07	0.52	0.01	-15.70	-0.48	-0.16	0	1	0	-1.0
2243.7310	411.08	0.55	0.03	-15.68	1.89	0.35	0	1	0	-1.0
2243.7620	410.94	-6.86	0.02	-15.69	-2.36	0.01	0	1	0	-1.0
2243.7930	410.68	-8.35	-0.04	-15.75	-2.16	-0.01	0	1	0	-1.0
2243.8240	410.42	-7.27	-0.11	-15.82	-0.84	0.02	0	1	0	-1.0
2243.8550	410.25	-5.22	-0.12	-15.83	-0.36	-0.07	0	1	0	-1.0
2243.8860	410.14	-3.36	-0.11	-15.81	0.35	-0.01	0	1	0	-1.0
2243.9170	410.05	-2.59	-0.10	-15.81	0.46	-0.02	0	1	0	-1.0
2243.9480	409.99	-1.78	-0.08	-15.79	0.50	-0.03	0	1	0	-1.0
2243.9790	409.96	-0.88	-0.06	-15.77	0.62	-0.02	0	1	0	-1.0
2244.0100	409.94	-0.59	-0.04	-15.75	0.37	-0.04	0	1	0	-1.0
2244.0410	409.93	-0.24	-0.03	-15.74	0.56	0.01	0	1	0	-1.0
2244.0720	409.92	-0.18	-0.01	-15.72	0.35	-0.01	0	1	0	-1.0
2244.1030	409.92	-0.03	-0.01	-15.71	0.26	-0.02	0	1	0	-1.0
2244.1340	409.93	0.12	-0.00	-15.71	0.25	-0.01	0	1	0	-1.0
2244.1650	409.93	0.24	0.00	-15.71	0.20	-0.02	0	1	0	-1.0
2244.1960	410.01	5.54	-0.03	-15.74	1.55	-0.21	0	1	0	-1.0
2244.2270	410.37	11.82	0.07	-15.64	2.95	-0.12	0	1	0	-1.0
2244.2580	410.75	10.85	0.18	-15.53	1.46	-0.08	0	1	0	-1.0
2244.2890	411.03	8.93	0.22	-15.48	1.69	0.22	0	1	0	-1.0
2244.3200	411.21	5.27	0.21	-15.50	-0.45	0.01	0	1	0	-1.0
2244.3510	411.34	3.39	0.20	-15.51	-1.53	-0.09	0	1	0	-1.0
2244.3820	411.42	2.29	0.17	-15.54	-1.14	-0.02	0	1	0	-1.0
2244.4130	411.47	1.78	0.15	-15.56	-0.66	0.05	0	1	0	-1.0
2244.4440	411.50	0.66	0.12	-15.59	-1.02	-0.01	0	1	0	-1.0
2244.4750	411.52	0.64	0.10	-15.61	-0.47	0.05	0	1	0	-1.0
2244.5060	411.52	0.23	0.07	-15.63	-0.53	0.01	0	1	0	-1.0
2244.5370	411.53	0.01	0.06	-15.65	-0.55	-0.01	0	1	0	-1.0
2244.5680	411.53	-0.19	0.05	-15.66	-0.36	0.01	0	1	0	-1.0
2244.5990	411.52	-0.30	0.04	-15.67	-0.30	0.01	0	1	0	-1.0
2244.6300	411.51	-0.34	0.03	-15.67	-0.30	-0.00	0	1	0	-1.0
2244.6610	411.51	-0.32	0.03	-15.68	-0.57	-0.07	0	1	0	-1.0
2244.6920	411.46	-3.45	0.07	-15.64	1.12	0.58	0	1	0	-1.0
2244.7230	411.14	-9.53	-0.02	-15.73	-0.75	0.41	0	1	0	-1.0
2244.7540	410.79	-10.61	-0.13	-15.83	-2.37	-0.10	0	1	0	-1.0
2244.7850	410.54	-8.47	-0.16	-15.87	-2.19	-0.29	0	1	0	-1.0
2244.8160	410.37	-4.76	-0.16	-15.86	0.66	0.02	0	1	0	-1.0
2244.8470	410.25	-2.93	-0.15	-15.85	1.35	0.06	0	1	0	-1.0
2244.8780	410.20	-1.62	-0.10	-15.81	0.92	-0.00	0	1	0	-1.0
2244.9090	410.16	-1.12	-0.07	-15.78	0.89	0.03	0	1	0	-1.0
2244.9400	410.13	-0.87	-0.05	-15.76	0.76	0.04	0	1	0	-1.0
2244.9710	410.10	-0.68	-0.04	-15.74	0.64	0.03	0	1	0	-1.0
2245.0020	410.09	-0.36	-0.02	-15.73	0.45	0.00	0	1	0	-1.0
2245.0330	410.09	-0.38	-0.01	-15.72	-0.02	-0.06	0	1	0	-1.0
2245.0640	410.08	-0.08	-0.00	-15.71	-0.16	-0.09	0	1	0	-1.0
2245.0950	410.09	0.31	0.00	-15.70	-0.06	-0.07	0	1	0	-1.0
2245.1260	410.09	0.33	-0.01	-15.71	-1.90	-0.47	0	1	0	-1.0
2245.1570	410.32	10.48	0.03	-15.67	4.11	0.12	0	1	0	-1.0
2245.1880	410.67	11.40	0.12	-15.59	3.11	0.07	0	1	0	-1.0
2245.2190	411.00	9.33	0.20	-15.51	1.09	0.01	0	1	0	-1.0
2245.2500	411.21	6.20	0.20	-15.51	-0.28	-0.04	0	1	0	-1.0
2245.2810	411.37	4.47	0.21	-15.50	-0.64	0.02	0	1	0	-1.0
2245.3120	411.47	3.22	0.18	-15.53	-0.35	0.10	0	1	0	-1.0
2245.3430	411.54	1.77	0.16	-15.55	-1.22	-0.03	0	1	0	-1.0
2245.3740	411.57	1.09	0.13	-15.58	-0.96	-0.01	0	1	0	-1.0
2245.4050	411.59	0.48	0.10	-15.61	-0.78	-0.00	0	1	0	-1.0
2245.4360	411.60	0.47	0.07	-15.63	-0.49	-0.00	0	1	0	-1.0
2245.4670	411.61	0.31	0.06	-15.65	-0.29	0.01	0	1	0	-1.0
2245.4980	411.61	0.27	0.04	-15.67	-0.27	-0.02	0	1	0	-1.0
2245.5290	411.62	0.27	0.03	-15.68	-0.08	-0.01	0	1	0	-1.0
2245.5600	411.63	0.14	0.02	-15.68	-0.30	-0.06	0	1	0	-1.0
2245.5910	411.64	0.30	0.02	-15.69	-0.06	-0.04	0	1	0	-1.0
2245.6220	411.65	0.40	0.01	-15.70	-0.06	-0.06	0	1	0	-1.0
2245.6530	411.66	0.36	0.01	-15.70	-0.29	-0.12	0	1	0	-1.0
2245.6840	411.68	0.59	0.01	-15.70	-0.21	-0.12	0	1	0	-1.0
2245.7150	411.70	0.85	0.00	-15.70	0.01	-0.10	0	1	0	-1.0
2245.7460	411.74	1.15	0.03	-15.67	2.15	0.38	0	1	0	-1.0
2245.7770	411.65	-3.46	0.01	-15.70	-1.38	-0.06	0	1	0	-1.0
2245.8080	411.54	-3.32	-0.01	-15.72	-0.57	0.03	0	1	0	-1.0
2245.8390	411.45	-2.84	-0.03	-15.74	-0.13	0.05	0	1	0	-1.0
2245.8700	411.35	-3.94	-0.02	-15.73	0.02	0.16	0	1	0	-1.0
2245.9010	411.15	-7.63	-0.05	-15.76	-2.10	-0.07	0	1	0	-1.0
2245.9320	410.89	-8.20	-0.10	-15.81	-1.23	0.03	0	1	0	-1.0
2245.9630	410.65	-6.82	-0.13	-15.84	-0.27	0.04	0	1	0	-1.0
2245.9940	410.46	-5.52	-0.15	-15.86	0.04	-0.03	0	1	0	-1.0
2246.0250	410.33	-4.63	-0.14	-15.84	-0.33	-0.14	0	1	0	-1.0
2246.0560	410.22	-2.81	-0.12	-15.82	1.24	0.10	0	1	0	-1.0
2246.0870	410.15	-2.34	-0.09	-15.80	0.52	-0.01	0	1	0	-1.0
2246.1180	410.09	-1.88	-0.08	-15.78	0.45	-0.02	0	1	0	-1.0
2246.1490	410.05	-1.20	-0.06	-15.77	0.33	-0.05	0	1	0	-1.0
2246.1800	410.02	-0.99	-0.03	-15.74	2.36	0.42	0	1	0	-1.0
2246.2110	409.85	-6.95	-0.04	-15.75	-2.03	-0.08	0	1	0	-1.0
2246.2420	409.63	-6.51	-0.08	-15.78	-0.74	0.06	0	1	0	-1.0
2246.2730	409.44	-5.66	-0.11	-15.82	-0.61	-0.05	0	1	0	-1.0
2246.3040	409.31	-4.12	-0.11	-15.82	-0.20	-0.09	0	1	0	-1.0
2246.3350	409.22	-2.22	-0.10	-15.80	1.72	0.20	0	1	0	-1.0
2246.3660	409.09	-5.95	-0.08	-15.79	-1.12	-0.07	0	1	0	-1.0
2246.3970	408.88	-7.35	-0.10	-15.81	-2.01	-0.19	0	1	0	-1.0
2246.4280	408.66	-6.25	-0.12	-15.83	0.20	0.12	0	1	0	-1.0
2246.4590	408.47	-5.80	-0.14	-15.85	-0.26	-0.05	0	1	0	-1.0
2246.4900	408.35	-4.16	-0.13	-15.83	-0.33	-0.14	0	1	0	-1.0
2246.5210	408.25	-2.73	-0.12	-15.83	0.68	-0.03	0	1	0	-1.0
2246.5520	408.19	-1.57	-0.10	-15.80	0.97	0.01	0	1	0	-1.0
2246.5830	408.15	-1.57	-0.07	-15.78	0.78	0.04	0	1	0	-1.0
2246.6140	408.05	-4.07	-0.05	-15.76	-0.39	0.03	0	1	0	-1.0
2246.6450	407.89	-5.33	-0.07	-15.77	-0.46	0.06	0	1	0	-1.0
2246.6760	407.71	-5.60	-0.10	-15.80	-1.26	-0.15	0	1	0	-1.0
2246.7070	407.59	-3.52	-0.10	-15.80	0.94	0.14	0	1	0	-1.0
2246.7380	407.46	-4.71	-0.09	-15.80	0.06	0.07	0	1	0	-1.0
2246.7690	407.28	-5.57	-0.09	-15.80	0.04	0.12	0	1	0	-1.0
2246.8000	407.09	-5.85	-0.12	-15.83	-0.28	-0.00	0	1	0	-1.0
2246.8310	406.93	-5.31	-0.12	-15.83	-0.49	-0.08	0	1	0	-1.0
2246.8620	406.78	-4.63	-0.11	-15.82	0.13	0.02	0	1	0	-1.0
2246.8930	406.65	-4.11	-0.11	-15.82	-0.19	-0.08	0	1	0	-1.0
2246.9240	406.55	-2.91	-0.10	-15.81	0.50	-0.01	0	1	0	-1.0
2246.9550	406.49	-1.77	-0.09	-15.80	0.52	-0.05	0	1	0	-1.0
2246.9860	406.45	-1.11	-0.07	-15.78	0.47	-0.06	0	1	0	-1.0
2247.0170	406.44	-0.29	-0.05	-15.76	0.59	-0.04	0	1	0	-1.0
2247.0480	406.44	0.11	-0.03	-15.74	0.34	-0.07	0	1	0	-1.0
2247.0790	406.45	0.43	-0.02	-15.72	0.37	-0.05	0	1	0	-1.0
2247.1100	406.47	0.82	-0.00	-15.71	0.69	0.02	0	1	0	-1.0
2247.1410	406.50	0.83	0.01	-15.70	0.26	-0.04	0	1	0	-1.0
2247.1720	406.52	0.87	0.01	-15.69	0.06	-0.07	0	1	0	-1.0
2247.2030	406.55	0.82	0.01	-15.70	-0.19	-0.12	0	1	0	-1.0
2247.2340	406.58	1.06	0.02	-15.69	0.02	-0.08	0	1	0	-1.0
2247.2650	406.62	1.47	0.02	-15.69	0.25	-0.05	0	1	0	-1.0
2247.2960	406.67	1.60	0.03	-15.67	0.26	-0.03	0	1	0	-1.0
2247.3270	406.72	1.55	0.04	-15.66	-0.26	-0.11	0	1	0	-1.0
2247.3580	406.91	9.33	0.06	-15.65	4.67	0.37	0	1	0	-1.0
2247.3890	407.19	8.58	0.11	-15.60	1.65	-0.06	0	1	0	-1.0
2247.4200	407.45	7.27	0.17	-15.54	0.30	-0.07	0	1	0	-1.0
2247.4510	407.65	6.53	0.18	-15.53	0.46	0.04	0	1	0	-1.0
2247.4820	407.83	6.05	0.18	-15.53	0.34	0.04	0	1	0	-1.0
2247.5130	408.03	6.30	0.18	-15.53	-0.52	-0.15	0	1	0	-1.0
2247.5440	408.26	6.57	0.21	-15.50	-0.09	-0.02	0	1	0	-1.0
2247.5750	408.41	5.36	0.19	-15.51	0.62	0.18	0	1	0	-1.0
2247.6060	408.53	3.14	0.17	-15.53	-0.93	-0.02	0	1	0	-1.0
2247.6370	408.62	2.73	0.16	-15.55	-0.63	0.03	0	1	0	-1.0
2247.6680	408.67	1.66	0.14	-15.57	-0.64	0.04	0	1	0	-1.0
2247.6990	408.71	0.84	0.11	-15.60	-1.03	-0.04	0	1	0	-1.0
2247.7300	408.73	0.58	0.09	-15.62	-0.96	-0.07	0	1	0	-1.0
2247.7610	408.74	0.47	0.07	-15.64	-0.70	-0.06	0	1	0	-1.0
2247.7920	408.76	0.42	0.05	-15.66	-0.65	-0.08	0	1	0	-1.0
2247.8230	408.83	3.78	0.03	-15.68	0.55	-0.13	0	1	0	-1.0
2247.8540	409.03	7.85	0.07	-15.64	2.59	0.08	0	1	0	-1.0
2247.8850	409.29	7.82	0.13	-15.58	1.38	-0.00	0	1	0	-1.0
2247.9160	409.50	6.18	0.16	-15.55	0.40	-0.01	0	1	0	-1.0
2247.9470	409.65	4.98	0.16	-15.54	0.43	0.10	0	1	0	-1.0
2247.9780	409.77	3.32	0.16	-15.55	-0.82	-0.05	0	1	0	-1.0
2248.0090	409.89	4.81	0.15	-15.56	1.12	0.21	0	1	0	-1.0
2248.0400	410.00	2.98	0.13	-15.57	-1.02	-0.13	0	1	0	-1.0
2248.0710	410.09	2.69	0.12	-15.58	-0.45	-0.02	0	1	0	-1.0
2248.1020	410.21	5.24	0.11	-15.60	0.38	-0.08	0	1	0	-1.0
2248.1330	410.46	8.80	0.14	-15.57	1.88	0.05	0	1	0	-1.0
2248.1640	410.72	7.94	0.18	-15.53	0.79	-0.01	0	1	0	-1.0
2248.1950	410.93	6.18	0.20	-15.51	0.10	0.04	0	1	0	-1.0
2248.2260	411.08	3.98	0.19	-15.51	-0.68	0.01	0	1	0	-1.0
2248.2570	411.17	3.73	0.14	-15.57	-0.92	-0.15	0	1	0	-1.0
2248.2880	411.38	7.55	0.15	-15.56	0.74	-0.06	0	1	0	-1.0
2248.3190	411.64	7.59	0.19	-15.52	0.97	0.09	0	1	0	-1.0
2248.3500	411.81	5.70	0.19	-15.52	0.54	0.12	0	1	0	-1.0
2248.3810	411.95	3.67	0.18	-15.53	-0.99	-0.06	0	1	0	-1.0
2248.4120	412.05	3.25	0.17	-15.54	-0.19	0.11	0	1	0	-1.0
2248.4430	412.11	1.67	0.14	-15.57	-0.85	0.01	0	1	0	-1.0
2248.4740	412.15	1.02	0.12	-15.59	-0.83	-0.00	0	1	0	-1.0
2248.5050	412.17	0.62	0.09	-15.62	-0.96	-0.07	0	1	0	-1.0
2248.5360	412.18	0.47	0.07	-15.64	-0.70	-0.06	0	1	0	-1.0
2248.5670	412.20	0.47	0.05	-15.66	-0.50	-0.06	0	1	0	-1.0
2248.5980	412.21	0.31	0.04	-15.67	-0.56	-0.10	0	1	0	-1.0
2248.6290	412.22	0.45	0.03	-15.68	-0.11	-0.03	0	1	0	-1.0
2248.6600	412.24	0.60	0.02	-15.69	-0.06	-0.05	0	1	0	-1.0
2248.6910	412.26	0.75	0.02	-15.69	-0.01	-0.06	0	1	0	-1.0
2248.7220	412.29	0.98	0.02	-15.69	0.19	-0.04	0	1	0	-1.0
2248.7530	412.33	1.26	0.02	-15.69	0.21	-0.04	0	1	0	-1.0
2248.7840	412.37	1.13	0.03	-15.68	-0.17	-0.09	0	1	0	-1.0
2248.8150	412.41	1.42	0.04	-15.66	0.51	0.06	0	1	0	-1.0
2248.8460	412.44	1.03	0.04	-15.67	-0.00	-0.02	0	1	0	-1.0
2248.8770	412.47	0.99	0.04	-15.67	0.15	0.01	0	1	0	-1.0
2248.9080	412.51	0.93	0.04	-15.66	-0.04	-0.02	0	1	0	-1.0
2248.9390	412.54	0.91	0.05	-15.66	0.06	0.03	0	1	0	-1.0
2248.9700	412.44	-6.99	0.09	-15.61	-2.91	0.09	0	1	0	1.0
2249.0010	412.00	-15.59	-0.03	-15.73	-4.88	-0.00	0	1	0	1.0
2249.0320	411.50	-14.37	-0.17	-15.88	-3.03	-0.08	0	1	0	1.0
2249.0630	411.17	-9.57	-0.23	-15.93	-0.63	-0.07	0	1	0	1.0
2249.0940	410.96	-5.70	-0.22	-15.93	0.89	-0.04	0	1	0	1.0
2249.1250	410.85	-3.40	-0.19	-15.89	0.87	-0.11	0	1	0	1.0
2249.1560	410.80	-1.32	-0.13	-15.84	1.85	0.07	0	1	0	1.0
2249.1870	410.77	-0.83	-0.09	-15.79	1.33	0.05	0	1	0	1.0
2249.2180	410.75	-0.65	-0.06	-15.76	0.79	0.01	0	1	0	1.0
2249.2490	410.73	-0.48	-0.03	-15.74	0.53	0.01	0	1	0	1.0
2249.2800	410.72	-0.30	-0.01	-15.72	0.33	-0.00	0	1	0	1.0
2249.3110	410.72	-0.26	-0.00	-15.71	0.09	-0.03	0	1	0	1.0
2249.3420	410.71	-0.32	0.00	-15.70	-0.11	-0.04	0	1	0	1.0
2249.3730	410.71	-0.19	0.01	-15.70	0.07	-0.00	0	1	0	1.0
2249.4040	410.70	-0.09	0.01	-15.70	0.07	-0.00	0	1	0	1.0
2249.4350	410.70	0.20	0.02	-15.69	0.07	-0.01	0	1	0	1.0
2249.4660	410.71	0.34	0.02	-15.69	0.30	0.03	0	1	0	1.0
2249.4970	410.72	0.47	0.02	-15.68	0.61	0.10	0	1	0	1.0
2249.5280	410.72	0.15	0.03	-15.68	0.17	0.03	0	1	0	1.0
2249.5590	410.75	1.18	0.02	-15.68	0.42	0.01	0	1	0	1.0
2249.5900	410.80	1.66	0.03	-15.68	-1.07	-0.32	0	1	0	1.0
2249.6210	411.02	10.16	0.05	-15.66	4.03	0.16	0	1	0	1.0
2249.6520	411.37	10.67	0.14	-15.57	2.21	-0.01	0	1	0	1.0
2249.6830	411.67	8.45	0.20	-15.50	0.50	-0.04	0	1	0	1.0
2249.7140	411.87	6.56	0.21	-15.50	0.91	0.19	0	1	0	1.0
2249.7450	412.02	4.28	0.20	-15.51	-0.57	0.03	0	1	0	1.0
2249.7760	412.12	2.73	0.18	-15.52	-0.95	0.03	0	1	0	1.0
2249.8070	412.17	1.60	0.14	-15.57	-1.04	-0.02	0	1	0	1.0
2249.8380	412.20	0.91	0.11	-15.60	-1.22	-0.09	0	1	0	1.0
2249.8690	412.23	0.76	0.08	-15.63	-0.63	-0.03	0	1	0	1.0
2249.9000	412.25	0.69	0.06	-15.65	-0.57	-0.06	0	1	0	1.0
2249.9310	412.27	0.72	0.05	-15.66	-0.32	-0.06	0	1	0	1.0
2249.9620	412.30	0.95	0.04	-15.67	-0.20	-0.06	0	1	0	1.0
2249.9930	412.33	1.30	0.04	-15.67	0.43	0.04	0	1	0	1.0
2250.0240	412.37	1.09	0.04	-15.67	0.13	-0.00	0	1	0	1.0
2250.0550	412.40	0.99	0.04	-15.66	-0.22	-0.06	0	1	0	1.0
2250.0860	412.44	0.98	0.05	-15.66	0.03	0.00	0	1	0	1.0
2250.1170	412.46	0.88	0.04	-15.67	0.18	0.03	0	1	0	1.0
2250.1480	412.49	0.95	0.04	-15.66	0.18	0.03	0	1	0	1.0
2250.1790	412.52	0.89	0.05	-15.66	0.18	0.04	0	1	0	1.0
2250.2100	412.54	0.69	0.05	-15.66	-0.05	0.01	0	1	0	1.0
2250.2410	412.54	-1.63	0.16	-15.55	7.86	1.00	0	1	0	1.0
2250.2720	412.00	-23.68	0.12	-15.59	-7.29	0.44	0	1	0	1.0
2250.3030	411.00	-31.78	-0.24	-15.94	-12.75	-0.97	0	1	0	1.0
2250.3340	410.24	-23.20	-0.57	-16.28	-12.33	-0.00	0	0	1	-1.0
2250.3650	409.61	-19.74	-1.11	-16.81	-21.03	-0.00	0	0	1	-1.0
2250.3960	409.07	-16.64	-1.87	-17.58	-26.97	0.00	0	0	1	-1.0
2250.4270	408.59	-15.63	-2.73	-18.44	-27.36	0.11	0	0	1	-1.0
2250.4580	408.06	-18.09	2.75	-19.24	-24.56	0.13	0	0	1	-1.0
2250.4890	407.46	-19.72	1.97	-20.02	-25.28	0.00	0	0	1	-1.0
2250.5200	406.82	-21.05	1.26	-20.73	-20.14	0.00	0	0	1	-1.0
2250.5510	406.14	-21.47	0.83	-21.16	-9.11	0.00	0	0	1	-1.0
2250.5820	405.52	-19.47	0.77	-21.22	2.37	-0.00	0	0	1	-1.0
2250.6130	404.97	-17.26	1.03	-20.96	12.63	-0.00	0	0	1	-1.0
2250.6440	404.46	-16.56	1.58	-20.41	20.77	-0.00	0	0	1	-1.0
2250.6750	403.90	-18.88	2.30	-19.69	24.16	-0.03	0	0	1	-1.0
2250.7060	403.29	-18.96	3.01	-18.98	20.75	-0.18	0	0	1	-1.0
2250.7370	402.85	-12.26	-2.78	-18.48	13.14	-0.12	0	0	1	-1.0
2250.7680	402.61	-6.64	-2.48	-18.19	7.04	-0.03	0	0	1	-1.0
2250.7990	402.47	-4.53	-2.35	-18.06	2.57	-0.01	0	0	1	-1.0
2250.8300	402.35	-3.49	-2.35	-18.05	-1.73	0.00	0	0	1	-1.0
2250.8610	402.27	-2.52	-2.48	-18.19	-5.98	0.03	0	0	1	-1.0
2250.8920	402.21	-1.78	-2.73	-18.44	-9.36	0.08	0	0	1	-1.0
2250.9230	402.15	-2.35	-3.05	-18.75	-9.82	0.12	0	0	1	-1.0
2250.9540	402.01	-5.45	2.99	-19.00	-6.18	0.08	0	0	1	-1.0
2250.9850	401.77	-8.02	2.86	-19.13	-3.33	0.04	0	0	1	-1.0
2251.0160	401.51	-8.26	2.78	-19.22	-2.40	0.02	0	0	1	-1.0
2251.0470	401.25	-8.51	2.74	-19.25	-0.39	0.00	0	0	1	-1.0
2251.0780	400.99	-8.07	2.75	-19.24	0.27	-0.00	0	0	1	-1.0
2251.1090	400.75	-7.56	2.79	-19.21	1.72	-0.02	0	0	1	-1.0
2251.1400	400.53	-6.69	2.85	-19.14	2.29	-0.03	0	0	1	-1.0
2251.1710	400.37	-4.94	2.92	-19.07	2.00	-0.02	0	0	1	-1.0
2251.2020	400.25	-3.75	2.98	-19.01	2.07	-0.03	0	0	1	-1.0
2251.2330	400.15	-3.01	3.05	-18.94	2.30	-0.03	0	0	1	-1.0
2251.2640	400.08	-1.98	3.11	-18.88	1.63	-0.02	0	0	1	-1.0
2251.2950	400.05	-0.71	-3.14	-18.85	0.35	-0.00	0	0	1	-1.0
2251.3260	400.06	0.19	-3.14	-18.85	0.24	-0.00	0	0	1	-1.0
2251.3570	400.06	0.13	-3.13	-18.84	0.31	-0.00	0	0	1	-1.0
2251.3880	400.07	0.13	-3.12	-18.83	0.27	-0.00	0	0	1	-1.0
2251.4190	400.07	0.21	-3.11	-18.82	0.26	-0.00	0	0	1	-1.0
2251.4500	400.08	0.32	-3.11	-18.82	0.00	-0.00	0	0	1	-1.0
2251.4810	400.10	0.42	-3.11	-18.82	-0.19	0.00	0	0	1	-1.0
2251.5120	400.11	0.35	-3.12	-18.82	-0.19	0.00	0	0	1	-1.0
2251.5430	400.11	0.13	-3.11	-18.82	0.24	-0.00	0	0	1	-1.0
2251.5740	400.11	0.07	-3.11	-18.82	0.20	-0.00	0	0	1	-1.0
2251.6050	400.11	0.07	-3.11	-18.81	0.01	-0.00	0	0	1	-1.0
2251.6360	400.11	0.04	-3.11	-18.82	-0.01	0.00	0	0	1	-1.0
2251.6670	400.11	-0.00	-3.11	-18.82	-0.20	0.00	0	0	1	-1.0
2251.6980	400.11	-0.02	-3.12	-18.82	-0.21	0.00	0	0	1	-1.0
2251.7290	400.11	-0.02	-3.12	-18.83	-0.25	0.00	0	0	1	-1.0
2251.7600	400.11	-0.01	-3.13	-18.84	-0.20	0.00	0	0	1	-1.0
