1962.7160	410.20	-0.18	0.03	-15.67	0.18	0.08	0	1	0	1.0
1962.7470	410.20	-0.20	0.03	-15.67	0.19	0.08	0	1	0	1.0
1962.7780	410.19	-0.30	0.03	-15.68	-0.16	0.01	0	1	0	1.0
1962.8090	410.18	-0.32	0.03	-15.68	-0.00	0.04	0	1	0	1.0
1962.8400	410.16	-0.47	0.02	-15.68	-0.21	0.00	0	1	0	1.0
1962.8710	410.15	-0.32	0.02	-15.68	-0.00	0.03	0	1	0	1.0
1962.9020	410.14	-0.43	0.02	-15.69	-0.24	-0.02	0	1	0	1.0
1962.9330	410.13	-0.35	0.02	-15.69	-0.18	-0.02	0	1	0	1.0
1962.9640	410.12	-0.34	0.02	-15.69	0.22	0.06	0	1	0	1.0
1962.9950	410.11	-0.31	0.01	-15.69	0.13	0.03	0	1	0	1.0
1963.0260	410.11	-0.26	0.02	-15.69	0.13	0.03	0	1	0	1.0
1963.0570	410.11	-0.04	0.02	-15.69	0.18	0.03	0	1	0	1.0
1963.0880	410.11	-0.00	0.02	-15.69	-0.01	-0.01	0	1	0	1.0
1963.1190	410.11	-0.04	0.02	-15.69	-0.24	-0.05	0	1	0	1.0
1963.1500	410.11	0.22	0.02	-15.69	-0.18	-0.06	0	1	0	1.0
1963.1810	410.12	0.37	0.02	-15.69	0.07	-0.01	0	1	0	1.0
1963.2120	410.12	0.36	0.02	-15.69	0.24	0.03	0	1	0	1.0
1963.2430	410.13	0.21	0.02	-15.68	0.01	-0.00	0	1	0	1.0
1963.2740	410.14	0.32	0.03	-15.68	0.23	0.03	0	1	0	1.0
1963.3050	410.15	0.24	0.03	-15.68	0.18	0.03	0	1	0	1.0
1963.3360	410.15	0.15	0.03	-15.68	-0.19	-0.04	0	1	0	1.0
1963.3670	410.16	0.16	0.03	-15.68	-0.04	-0.01	0	1	0	1.0
1963.3980	410.16	0.13	0.03	-15.68	-0.01	0.00	0	1	0	1.0
1963.4290	410.17	0.21	0.03	-15.68	0.01	-0.00	0	1	0	1.0
1963.4600	410.17	0.21	0.03	-15.68	0.00	-0.00	0	1	0	1.0
1963.4910	410.18	0.27	0.03	-15.68	0.18	0.03	0	1	0	1.0
1963.5220	410.19	0.16	0.03	-15.68	-0.19	-0.03	0	1	0	1.0
1963.5530	410.19	0.24	0.03	-15.68	0.05	0.02	0	1	0	1.0
1963.5840	410.20	0.33	0.03	-15.68	0.06	0.01	0	1	0	1.0
1963.6150	410.21	0.32	0.03	-15.68	0.24	0.05	0	1	0	1.0
1963.6460	410.21	0.28	0.03	-15.68	0.04	0.01	0	1	0	1.0
1963.6770	410.21	0.13	0.03	-15.68	0.13	0.04	0	1	0	1.0
1963.7080	410.21	0.00	0.03	-15.68	-0.06	0.01	0	1	0	1.0
1963.7390	410.22	0.04	0.03	-15.68	-0.20	-0.02	0	1	0	1.0
1963.7700	410.22	-0.01	0.03	-15.68	-0.19	-0.02	0	1	0	1.0
1963.8010	410.21	-0.05	0.03	-15.68	0.05	0.04	0	1	0	1.0
1963.8320	410.21	-0.02	0.03	-15.68	0.19	0.06	0	1	0	1.0
1963.8630	410.21	-0.02	0.03	-15.68	0.18	0.06	0	1	0	1.0
1963.8940	410.21	-0.16	0.03	-15.68	0.13	0.06	0	1	0	1.0
1963.9250	410.21	-0.28	0.03	-15.68	-0.10	0.02	0	1	0	1.0
1963.9560	410.20	-0.24	0.03	-15.68	-0.04	0.03	0	1	0	1.0
1963.9870	410.20	-0.24	0.03	-15.68	-0.18	0.01	0	1	0	1.0
1964.0180	410.19	-0.21	0.03	-15.68	0.00	0.04	0	1	0	1.0
1964.0490	410.19	-0.30	0.03	-15.68	-0.19	0.00	0	1	0	1.0
1964.0800	410.18	-0.30	0.03	-15.68	-0.19	-0.00	0	1	0	1.0
1964.1110	410.17	-0.26	0.03	-15.68	0.05	0.04	0	1	0	1.0
1964.1420	410.16	-0.31	0.02	-15.68	0.23	0.07	0	1	0	1.0
1964.1730	410.15	-0.33	0.02	-15.69	0.13	0.05	0	1	0	1.0
1964.2040	410.14	-0.42	0.02	-15.69	-0.30	-0.04	0	1	0	1.0
1964.2350	410.13	-0.52	0.02	-15.69	-0.48	-0.07	0	1	0	1.0
1964.2660	410.12	-0.48	0.01	-15.69	-0.40	-0.06	0	1	0	1.0
1964.2970	410.12	0.01	0.01	-15.70	-0.12	-0.05	0	1	0	1.0
1964.3280	410.12	0.22	0.02	-15.69	0.07	-0.02	0	1	0	1.0
1964.3590	410.12	0.38	0.02	-15.69	0.08	-0.02	0	1	0	1.0
1964.3900	410.13	0.37	0.02	-15.69	0.25	0.02	0	1	0	1.0
1964.4210	410.13	0.24	0.02	-15.68	0.21	0.03	0	1	0	1.0
1964.4520	410.14	0.22	0.02	-15.68	0.05	0.00	0	1	0	1.0
1964.4830	410.15	0.23	0.03	-15.68	0.01	-0.00	0	1	0	1.0
1964.5140	410.15	0.31	0.03	-15.68	0.24	0.04	0	1	0	1.0
1964.5450	410.16	0.37	0.03	-15.68	0.23	0.03	0	1	0	1.0
1964.5760	410.16	0.20	0.03	-15.68	0.14	0.03	0	1	0	1.0
1964.6070	410.17	0.20	0.03	-15.68	0.13	0.03	0	1	0	1.0
1964.6380	410.18	0.16	0.03	-15.68	0.00	0.01	0	1	0	1.0
1964.6690	410.18	0.16	0.03	-15.68	-0.01	0.00	0	1	0	1.0
1964.7000	410.18	0.22	0.03	-15.68	0.18	0.04	0	1	0	1.0
1964.7310	410.19	0.21	0.03	-15.68	0.18	0.04	0	1	0	1.0
1964.7620	410.19	0.14	0.03	-15.68	0.00	0.01	0	1	0	1.0
1964.7930	410.20	0.09	0.03	-15.68	-0.19	-0.03	0	1	0	1.0
1964.8240	410.20	0.19	0.03	-15.68	-0.18	-0.03	0	1	0	1.0
1964.8550	410.20	0.19	0.03	-15.68	0.01	0.01	0	1	0	1.0
1964.8860	410.20	0.21	0.03	-15.68	0.01	0.01	0	1	0	1.0
1964.9170	410.20	0.25	0.03	-15.68	0.00	0.00	0	1	0	1.0
1964.9480	410.21	0.09	0.03	-15.68	0.00	0.01	0	1	0	1.0
1964.9790	410.21	0.10	0.03	-15.68	0.04	0.02	0	1	0	1.0
1965.0100	410.21	0.11	0.03	-15.68	0.37	0.09	0	1	0	1.0
1965.0410	410.21	-0.03	0.03	-15.68	-0.01	0.02	0	1	0	1.0
1965.0720	410.21	-0.11	0.03	-15.68	-0.00	0.03	0	1	0	1.0
1965.1030	410.21	-0.08	0.03	-15.68	-0.04	0.02	0	1	0	1.0
1965.1340	410.21	-0.12	0.03	-15.68	-0.19	-0.01	0	1	0	1.0
1965.1650	410.20	-0.13	0.03	-15.68	0.00	0.03	0	1	0	1.0
1965.1960	410.20	-0.09	0.03	-15.68	0.19	0.07	0	1	0	1.0
1965.2270	410.20	-0.15	0.03	-15.68	0.05	0.05	0	1	0	1.0
1965.2580	410.19	-0.18	0.03	-15.68	0.24	0.09	0	1	0	1.0
1965.2890	410.18	-0.24	0.03	-15.68	-0.00	0.04	0	1	0	1.0
1965.3200	410.18	-0.19	0.03	-15.68	0.19	0.07	0	1	0	1.0
1965.3510	410.17	-0.28	0.03	-15.68	0.18	0.07	0	1	0	1.0
1965.3820	410.16	-0.26	0.02	-15.68	-0.19	-0.02	0	1	0	1.0
1965.4130	410.15	-0.28	0.02	-15.68	-0.05	0.02	0	1	0	1.0
1965.4440	410.14	-0.26	0.02	-15.68	-0.04	0.02	0	1	0	1.0
1965.4750	410.14	-0.15	0.02	-15.69	0.05	0.02	0	1	0	1.0
1965.5060	410.13	-0.33	0.02	-15.69	0.23	0.07	0	1	0	1.0
1965.5370	410.12	-0.44	0.02	-15.69	0.11	0.04	0	1	0	1.0
1965.5680	410.12	-0.28	0.01	-15.69	-0.10	-0.02	0	1	0	1.0
1965.5990	410.12	-0.04	0.02	-15.69	-0.06	-0.02	0	1	0	1.0
1965.6300	410.12	-0.01	0.02	-15.69	-0.23	-0.06	0	1	0	1.0
1965.6610	410.13	0.16	0.02	-15.69	0.05	-0.01	0	1	0	1.0
1965.6920	410.13	0.17	0.02	-15.69	0.18	0.02	0	1	0	1.0
1965.7230	410.14	0.18	0.02	-15.69	0.15	0.02	0	1	0	1.0
1965.7540	410.15	0.26	0.03	-15.68	0.20	0.03	0	1	0	1.0
1965.7850	410.15	0.33	0.03	-15.68	0.05	-0.00	0	1	0	1.0
1965.8160	410.16	0.16	0.03	-15.68	-0.05	-0.01	0	1	0	1.0
1965.8470	410.17	0.25	0.03	-15.68	-0.23	-0.05	0	1	0	1.0
1965.8780	410.17	0.32	0.03	-15.68	-0.18	-0.04	0	1	0	1.0
1965.9090	410.18	0.37	0.03	-15.68	0.07	0.01	0	1	0	1.0
1965.9400	410.19	0.27	0.03	-15.68	0.19	0.04	0	1	0	1.0
1965.9710	410.19	0.12	0.03	-15.68	-0.19	-0.03	0	1	0	1.0
1966.0020	410.19	0.17	0.03	-15.68	0.05	0.02	0	1	0	1.0
1966.0330	410.20	0.23	0.03	-15.68	0.20	0.05	0	1	0	1.0
1966.0640	410.20	0.19	0.03	-15.68	-0.00	0.01	0	1	0	1.0
1966.0950	410.20	0.12	0.03	-15.68	-0.01	0.01	0	1	0	1.0
1966.1260	410.20	0.12	0.03	-15.68	-0.01	0.01	0	1	0	1.0
1966.1570	410.20	0.05	0.03	-15.68	-0.19	-0.02	0	1	0	1.0
1966.1880	410.20	0.02	0.03	-15.68	-0.24	-0.04	0	1	0	1.0
1966.2190	410.21	-0.00	0.03	-15.68	-0.04	0.01	0	1	0	1.0
1966.2500	410.20	-0.04	0.03	-15.68	-0.00	0.02	0	1	0	1.0
1966.2810	410.20	-0.04	0.03	-15.68	-0.00	0.02	0	1	0	1.0
1966.3120	410.20	-0.04	0.03	-15.68	-0.00	0.02	0	1	0	1.0
1966.3430	410.20	-0.00	0.03	-15.68	-0.00	0.02	0	1	0	1.0
1966.3740	410.20	-0.00	0.03	-15.68	0.19	0.06	0	1	0	1.0
1966.4050	410.20	-0.08	0.03	-15.68	0.18	0.06	0	1	0	1.0
1966.4360	410.20	-0.05	0.03	-15.68	0.15	0.05	0	1	0	1.0
1966.4670	410.20	-0.09	0.03	-15.68	0.00	0.03	0	1	0	1.0
1966.4980	410.20	-0.03	0.03	-15.68	0.05	0.03	0	1	0	1.0
1966.5290	410.20	-0.09	0.03	-15.68	0.00	0.03	0	1	0	1.0
1966.5600	410.20	-0.16	0.03	-15.68	-0.19	-0.00	0	1	0	1.0
1966.5910	410.19	-0.24	0.03	-15.68	-0.03	0.04	0	1	0	1.0
1966.6220	410.18	-0.25	0.03	-15.68	0.00	0.04	0	1	0	1.0
1966.6530	410.17	-0.32	0.03	-15.68	-0.05	0.03	0	1	0	1.0
1966.6840	410.16	-0.35	0.02	-15.68	-0.06	0.02	0	1	0	1.0
1966.7150	410.16	-0.21	0.02	-15.68	-0.00	0.02	0	1	0	1.0
1966.7460	410.15	-0.28	0.02	-15.68	-0.05	0.01	0	1	0	1.0
1966.7770	410.14	-0.26	0.02	-15.68	-0.04	0.02	0	1	0	1.0
1966.8080	410.13	-0.24	0.02	-15.69	-0.19	-0.02	0	1	0	1.0
1966.8390	410.13	-0.31	0.02	-15.69	-0.23	-0.03	0	1	0	1.0
1966.8700	410.12	-0.16	0.02	-15.69	-0.00	0.00	0	1	0	1.0
1966.9010	410.12	-0.12	0.02	-15.69	-0.00	0.00	0	1	0	1.0
1966.9320	410.12	-0.07	0.02	-15.69	-0.00	-0.00	0	1	0	1.0
1966.9630	410.12	-0.15	0.02	-15.69	-0.01	0.00	0	1	0	1.0
1966.9940	410.12	0.06	0.02	-15.69	-0.01	-0.01	0	1	0	1.0
1967.0250	410.12	0.13	0.02	-15.69	-0.18	-0.05	0	1	0	1.0
1967.0560	410.12	0.18	0.02	-15.69	0.05	-0.01	0	1	0	1.0
1967.0870	410.13	0.15	0.02	-15.69	0.00	-0.01	0	1	0	1.0
1967.1180	410.14	0.27	0.02	-15.69	0.05	-0.00	0	1	0	1.0
1967.1490	410.14	0.25	0.02	-15.68	0.18	0.03	0	1	0	1.0
1967.1800	410.15	0.21	0.03	-15.68	0.00	-0.00	0	1	0	1.0
1967.2110	410.16	0.25	0.03	-15.68	0.00	-0.01	0	1	0	1.0
1967.2420	410.16	0.16	0.03	-15.68	0.13	0.03	0	1	0	1.0
1967.2730	410.17	0.16	0.03	-15.68	-0.05	-0.01	0	1	0	1.0
1967.3040	410.18	0.25	0.03	-15.68	-0.01	-0.00	0	1	0	1.0
1967.3350	410.19	0.23	0.03	-15.68	0.00	0.00	0	1	0	1.0
1967.3660	410.19	0.24	0.03	-15.68	-0.18	-0.03	0	1	0	1.0
1967.3970	410.20	0.24	0.03	-15.68	-0.00	0.00	0	1	0	1.0
1967.4280	410.20	0.13	0.03	-15.68	-0.05	0.00	0	1	0	1.0
1967.4590	410.21	0.16	0.03	-15.68	0.18	0.05	0	1	0	1.0
1967.4900	410.21	0.15	0.03	-15.68	-0.00	0.01	0	1	0	1.0
1967.5210	410.21	0.09	0.03	-15.68	-0.00	0.01	0	1	0	1.0
1967.5520	410.21	0.04	0.03	-15.68	-0.05	0.00	0	1	0	1.0
1967.5830	410.21	0.03	0.03	-15.68	-0.00	0.01	0	1	0	1.0
1967.6140	410.21	0.11	0.03	-15.68	0.01	0.01	0	1	0	1.0
1967.6450	410.22	0.05	0.03	-15.68	-0.13	-0.01	0	1	0	1.0
1967.6760	410.22	0.16	0.03	-15.68	0.01	0.01	0	1	0	1.0
1967.7070	410.22	0.21	0.03	-15.68	0.06	0.02	0	1	0	1.0
1967.7380	410.22	0.17	0.03	-15.68	0.20	0.05	0	1	0	1.0
1967.7690	410.22	0.12	0.03	-15.68	0.04	0.02	0	1	0	1.0
1967.8000	410.22	0.03	0.03	-15.68	0.00	0.02	0	1	0	1.0
1967.8310	410.22	-0.03	0.03	-15.68	-0.14	-0.00	0	1	0	1.0
1967.8620	410.22	-0.12	0.03	-15.68	0.01	0.04	0	1	0	1.0
1967.8930	410.22	-0.12	0.03	-15.68	0.01	0.04	0	1	0	1.0
1967.9240	410.21	-0.12	0.03	-15.67	0.19	0.08	0	1	0	1.0
1967.9550	410.21	-0.15	0.03	-15.67	0.05	0.05	0	1	0	1.0
1967.9860	410.20	-0.23	0.03	-15.67	0.19	0.08	0	1	0	1.0
1968.0170	410.19	-0.27	0.03	-15.68	0.18	0.08	0	1	0	1.0
1968.0480	410.18	-0.34	0.03	-15.68	-0.01	0.04	0	1	0	1.0
1968.0790	410.17	-0.56	0.03	-15.68	-0.29	-0.01	0	1	0	1.0
1968.1100	410.15	-0.35	0.02	-15.68	0.01	0.03	0	1	0	1.0
1968.1410	410.14	-0.26	0.02	-15.69	0.04	0.03	0	1	0	1.0
1968.1720	410.13	-0.34	0.02	-15.69	-0.02	0.01	0	1	0	1.0
1968.2030	410.12	-0.32	0.02	-15.69	-0.01	0.01	0	1	0	1.0
1968.2340	410.11	-0.16	0.02	-15.69	-0.00	-0.00	0	1	0	1.0
1968.2650	410.11	-0.27	0.01	-15.69	-0.25	-0.05	0	1	0	1.0
1968.2960	410.11	-0.22	0.01	-15.69	-0.47	-0.10	0	1	0	1.0
1968.3270	410.11	-0.16	0.01	-15.69	-0.42	-0.09	0	1	0	1.0
1968.3580	410.11	0.32	0.02	-15.69	0.02	-0.03	0	1	0	1.0
1968.3890	410.11	0.19	0.02	-15.69	0.05	-0.01	0	1	0	1.0
1968.4200	410.12	0.11	0.02	-15.69	-0.05	-0.03	0	1	0	1.0
1968.4510	410.12	0.27	0.02	-15.69	0.02	-0.02	0	1	0	1.0
1968.4820	410.13	0.31	0.02	-15.69	0.19	0.02	0	1	0	1.0
1968.5130	410.14	0.27	0.02	-15.68	-0.06	-0.02	0	1	0	1.0
1968.5440	410.15	0.24	0.03	-15.68	0.00	0.00	0	1	0	1.0
1968.5750	410.16	0.24	0.03	-15.68	-0.00	-0.00	0	1	0	1.0
1968.6060	410.16	0.15	0.03	-15.68	-0.06	-0.01	0	1	0	1.0
1968.6370	410.17	0.26	0.03	-15.68	-0.04	-0.01	0	1	0	1.0
1968.6680	410.18	0.21	0.03	-15.68	0.00	0.01	0	1	0	1.0
1968.6990	410.18	0.19	0.03	-15.68	0.19	0.04	0	1	0	1.0
1968.7300	410.19	0.24	0.03	-15.68	0.04	0.01	0	1	0	1.0
1968.7610	410.19	0.17	0.03	-15.68	0.18	0.04	0	1	0	1.0
1968.7920	410.19	0.11	0.03	-15.68	-0.05	-0.00	0	1	0	1.0
1968.8230	410.20	0.19	0.03	-15.68	-0.01	0.00	0	1	0	1.0
1968.8540	410.20	0.20	0.03	-15.68	-0.05	-0.00	0	1	0	1.0
1968.8850	410.21	0.12	0.03	-15.68	-0.00	0.01	0	1	0	1.0
1968.9160	410.21	0.08	0.03	-15.68	-0.05	0.00	0	1	0	1.0
1968.9470	410.21	0.04	0.03	-15.68	-0.05	0.00	0	1	0	1.0
1968.9780	410.21	0.03	0.03	-15.68	-0.24	-0.04	0	1	0	1.0
1969.0090	410.21	0.12	0.03	-15.68	-0.24	-0.04	0	1	0	1.0
1969.0400	410.21	0.02	0.03	-15.68	-0.22	-0.03	0	1	0	1.0
1969.0710	410.21	-0.03	0.03	-15.68	-0.19	-0.02	0	1	0	1.0
1969.1020	410.21	0.05	0.03	-15.68	-0.18	-0.02	0	1	0	1.0
1969.1330	410.21	0.09	0.03	-15.68	0.01	0.02	0	1	0	1.0
1969.1640	410.21	0.14	0.03	-15.68	0.02	0.01	0	1	0	1.0
1969.1950	410.21	-0.01	0.03	-15.68	0.05	0.03	0	1	0	1.0
1969.2260	410.21	-0.03	0.03	-15.68	0.24	0.07	0	1	0	1.0
1969.2570	410.21	-0.13	0.03	-15.68	-0.00	0.03	0	1	0	1.0
1969.2880	410.21	-0.14	0.03	-15.68	-0.05	0.02	0	1	0	1.0
1969.3190	410.20	-0.17	0.03	-15.68	-0.04	0.03	0	1	0	1.0
1969.3500	410.20	-0.11	0.03	-15.68	0.05	0.04	0	1	0	1.0
1969.3810	410.20	-0.16	0.03	-15.68	0.19	0.08	0	1	0	1.0
1969.4120	410.19	-0.20	0.03	-15.68	-0.00	0.04	0	1	0	1.0
1969.4430	410.18	-0.27	0.03	-15.68	-0.19	0.00	0	1	0	1.0
1969.4740	410.17	-0.30	0.03	-15.68	-0.00	0.04	0	1	0	1.0
1969.5050	410.16	-0.26	0.03	-15.68	0.04	0.04	0	1	0	1.0
1969.5360	410.15	-0.40	0.02	-15.69	0.16	0.06	0	1	0	1.0
1969.5670	410.14	-0.45	0.02	-15.69	-0.07	0.01	0	1	0	1.0
1969.5980	410.14	-0.34	0.02	-15.69	-0.24	-0.03	0	1	0	1.0
1969.6290	410.13	-0.14	0.02	-15.69	0.05	0.02	0	1	0	1.0
1969.6600	410.12	-0.18	0.02	-15.69	-0.00	0.00	0	1	0	1.0
1969.6910	410.12	-0.06	0.02	-15.69	0.05	0.01	0	1	0	1.0
1969.7220	410.12	-0.20	0.02	-15.69	0.05	0.02	0	1	0	1.0
1969.7530	410.12	-0.03	0.02	-15.69	-0.13	-0.04	0	1	0	1.0
1969.7840	410.12	0.18	0.02	-15.69	0.06	-0.01	0	1	0	1.0
1969.8150	410.12	0.25	0.02	-15.69	0.05	-0.02	0	1	0	1.0
1969.8460	410.13	0.18	0.02	-15.69	-0.04	-0.02	0	1	0	1.0
1969.8770	410.14	0.25	0.02	-15.68	0.02	-0.01	0	1	0	1.0
1969.9080	410.15	0.26	0.03	-15.68	0.05	0.00	0	1	0	1.0
1969.9390	410.15	0.18	0.03	-15.68	0.00	-0.00	0	1	0	1.0
1969.9700	410.16	0.23	0.03	-15.68	0.01	-0.00	0	1	0	1.0
1970.0010	410.16	0.19	0.03	-15.68	0.19	0.04	0	1	0	1.0
1970.0320	410.17	0.25	0.03	-15.68	0.18	0.03	0	1	0	1.0
1970.0630	410.18	0.31	0.03	-15.68	0.17	0.03	0	1	0	1.0
1970.0940	410.19	0.24	0.03	-15.68	-0.01	0.00	0	1	0	1.0
1970.1250	410.19	0.16	0.03	-15.68	-0.19	-0.03	0	1	0	1.0
1970.1560	410.20	0.18	0.03	-15.68	-0.19	-0.03	0	1	0	1.0
1970.1870	410.20	0.23	0.03	-15.68	-0.19	-0.03	0	1	0	1.0
1970.2180	410.20	0.22	0.03	-15.68	0.01	0.01	0	1	0	1.0
1970.2490	410.20	0.18	0.03	-15.68	-0.18	-0.03	0	1	0	1.0
1970.2800	410.21	0.07	0.03	-15.68	-0.04	0.01	0	1	0	1.0
1970.3110	410.21	0.04	0.03	-15.68	-0.19	-0.02	0	1	0	1.0
1970.3420	410.21	0.03	0.03	-15.68	-0.05	0.00	0	1	0	1.0
1970.3730	410.21	0.01	0.03	-15.68	-0.24	-0.04	0	1	0	1.0
1970.4040	410.21	-0.14	0.03	-15.68	-0.42	-0.06	0	1	0	1.0
1970.4350	410.21	0.01	0.03	-15.68	-0.22	-0.03	0	1	0	1.0
1970.4660	410.21	0.02	0.03	-15.68	0.00	0.02	0	1	0	1.0
1970.4970	410.20	-0.04	0.03	-15.68	0.19	0.06	0	1	0	1.0
1970.5280	410.20	-0.11	0.03	-15.68	0.05	0.04	0	1	0	1.0
1970.5590	410.20	-0.11	0.03	-15.68	0.00	0.03	0	1	0	1.0
1970.5900	410.20	-0.17	0.03	-15.68	0.05	0.05	0	1	0	1.0
1970.6210	410.19	-0.16	0.03	-15.68	0.19	0.08	0	1	0	1.0
1970.6520	410.19	-0.17	0.03	-15.68	-0.00	0.04	0	1	0	1.0
1970.6830	410.18	-0.32	0.03	-15.68	-0.06	0.03	0	1	0	1.0
1970.7140	410.17	-0.35	0.03	-15.68	-0.05	0.03	0	1	0	1.0
1970.7450	410.16	-0.29	0.02	-15.68	-0.01	0.03	0	1	0	1.0
1970.7760	410.15	-0.30	0.02	-15.68	-0.05	0.02	0	1	0	1.0
1970.8070	410.14	-0.31	0.02	-15.68	-0.05	0.02	0	1	0	1.0
1970.8380	410.14	-0.19	0.02	-15.69	0.05	0.03	0	1	0	1.0
1970.8690	410.13	-0.25	0.02	-15.69	-0.00	0.01	0	1	0	1.0
1970.9000	410.12	-0.25	0.02	-15.69	-0.05	-0.00	0	1	0	1.0
1970.9310	410.12	-0.21	0.02	-15.69	-0.04	-0.00	0	1	0	1.0
1970.9620	410.12	-0.20	0.02	-15.69	-0.00	0.00	0	1	0	1.0
1970.9930	410.11	-0.17	0.02	-15.69	-0.23	-0.05	0	1	0	1.0
1971.0240	410.12	0.16	0.02	-15.69	-0.23	-0.07	0	1	0	1.0
1971.0550	410.12	0.26	0.02	-15.69	0.06	-0.01	0	1	0	1.0
1971.0860	410.13	0.32	0.02	-15.69	0.43	0.06	0	1	0	1.0
1971.1170	410.13	0.26	0.02	-15.69	0.18	0.02	0	1	0	1.0
1971.1480	410.14	0.20	0.02	-15.68	-0.19	-0.04	0	1	0	1.0
1971.1790	410.15	0.26	0.03	-15.68	-0.18	-0.04	0	1	0	1.0
1971.2100	410.16	0.25	0.03	-15.68	-0.13	-0.03	0	1	0	1.0
1971.2410	410.16	0.29	0.03	-15.68	0.05	0.00	0	1	0	1.0
1971.2720	410.17	0.26	0.03	-15.68	0.05	0.01	0	1	0	1.0
1971.3030	410.18	0.26	0.03	-15.68	0.05	0.01	0	1	0	1.0
1971.3340	410.18	0.23	0.03	-15.68	0.01	0.00	0	1	0	1.0
1971.3650	410.19	0.19	0.03	-15.68	0.19	0.04	0	1	0	1.0
1971.3960	410.19	0.24	0.03	-15.68	0.19	0.04	0	1	0	1.0
1971.4270	410.20	0.22	0.03	-15.68	0.18	0.04	0	1	0	1.0
1971.4580	410.20	0.11	0.03	-15.68	-0.05	-0.00	0	1	0	1.0
1971.4890	410.21	0.15	0.03	-15.68	-0.19	-0.03	0	1	0	1.0
1971.5200	410.21	0.24	0.03	-15.68	0.01	0.01	0	1	0	1.0
1971.5510	410.22	0.08	0.03	-15.68	-0.19	-0.03	0	1	0	1.0
1971.5820	410.22	0.22	0.03	-15.68	0.00	0.00	0	1	0	1.0
1971.6130	410.22	0.19	0.03	-15.68	-0.13	-0.02	0	1	0	1.0
1971.6440	410.23	0.16	0.03	-15.68	0.05	0.02	0	1	0	1.0
1971.6750	410.23	0.18	0.03	-15.68	0.05	0.02	0	1	0	1.0
1971.7060	410.23	0.14	0.03	-15.68	0.00	0.01	0	1	0	1.0
1971.7370	410.23	0.06	0.03	-15.68	0.00	0.02	0	1	0	1.0
1971.7680	410.23	0.03	0.03	-15.68	-0.04	0.01	0	1	0	1.0
1971.7990	410.23	-0.01	0.03	-15.68	0.00	0.03	0	1	0	1.0
1971.8300	410.23	-0.02	0.03	-15.67	0.01	0.03	0	1	0	1.0
1971.8610	410.23	-0.13	0.04	-15.67	0.00	0.04	0	1	0	1.0
1971.8920	410.22	-0.14	0.04	-15.67	0.04	0.05	0	1	0	1.0
1971.9230	410.21	-0.28	0.03	-15.67	0.17	0.09	0	1	0	1.0
1971.9540	410.20	-0.36	0.03	-15.67	-0.01	0.05	0	1	0	1.0
1971.9850	410.19	-0.34	0.03	-15.68	-0.00	0.05	0	1	0	1.0
1972.0160	410.18	-0.56	0.03	-15.68	-0.06	0.05	0	1	0	1.0
1972.0470	410.16	-0.50	0.02	-15.68	0.16	0.07	0	1	0	1.0
1972.0780	410.14	-0.58	0.02	-15.69	-0.11	0.01	0	1	0	1.0
1972.1090	410.13	-0.78	0.02	-15.69	-0.67	-0.09	0	1	0	1.0
1972.1400	410.11	-0.31	0.02	-15.69	0.11	0.03	0	1	0	1.0
1972.1710	410.10	-0.43	0.01	-15.70	0.66	0.14	0	1	0	1.0
1972.2020	410.10	-0.31	0.01	-15.70	0.41	0.07	0	1	0	1.0
1972.2330	410.09	-0.12	0.01	-15.70	0.32	0.04	0	1	0	1.0
1972.2640	410.10	0.17	0.01	-15.70	0.13	-0.01	0	1	0	1.0
1972.2950	410.11	0.32	0.02	-15.69	-0.01	-0.04	0	1	0	1.0
1972.3260	410.12	0.24	0.02	-15.69	0.01	-0.02	0	1	0	1.0
1972.3570	410.12	0.25	0.02	-15.69	0.00	-0.02	0	1	0	1.0
1972.3880	410.13	0.33	0.02	-15.68	0.02	-0.01	0	1	0	1.0
1972.4190	410.14	0.37	0.03	-15.68	0.05	-0.00	0	1	0	1.0
1972.4500	410.15	0.26	0.03	-15.68	-0.18	-0.04	0	1	0	1.0
1972.4810	410.16	0.25	0.03	-15.68	-0.14	-0.03	0	1	0	1.0
1972.5120	410.17	0.35	0.03	-15.68	0.06	0.01	0	1	0	1.0
1972.5430	410.18	0.47	0.03	-15.68	0.28	0.05	0	1	0	1.0
1972.5740	410.18	0.34	0.03	-15.68	0.19	0.04	0	1	0	1.0
1972.6050	410.19	0.22	0.03	-15.68	0.00	0.01	0	1	0	1.0
1972.6360	410.20	0.14	0.03	-15.68	0.00	0.01	0	1	0	1.0
1972.6670	410.20	0.20	0.03	-15.68	-0.00	0.01	0	1	0	1.0
1972.6980	410.21	0.14	0.03	-15.68	-0.00	0.01	0	1	0	1.0
1972.7290	410.21	0.07	0.03	-15.68	0.18	0.05	0	1	0	1.0
1972.7600	410.21	0.09	0.03	-15.68	-0.00	0.01	0	1	0	1.0
1972.7910	410.21	0.20	0.03	-15.68	0.23	0.05	0	1	0	1.0
1972.8220	410.22	0.22	0.03	-15.68	0.05	0.01	0	1	0	1.0
1972.8530	410.22	0.12	0.03	-15.68	0.00	0.01	0	1	0	1.0
1972.8840	410.22	0.10	0.03	-15.68	0.19	0.05	0	1	0	1.0
1972.9150	410.23	0.11	0.03	-15.68	-0.04	0.00	0	1	0	1.0
1972.9460	410.23	0.03	0.03	-15.68	-0.04	0.01	0	1	0	1.0
1972.9770	410.23	0.03	0.03	-15.68	-0.04	0.01	0	1	0	1.0
1973.0080	410.23	0.02	0.03	-15.68	-0.05	0.01	0	1	0	1.0
1973.0390	410.23	0.02	0.03	-15.68	-0.19	-0.02	0	1	0	1.0
1973.0700	410.23	-0.01	0.03	-15.68	-0.18	-0.01	0	1	0	1.0
1973.1010	410.23	0.01	0.03	-15.67	0.06	0.04	0	1	0	1.0
1973.1320	410.22	-0.21	0.03	-15.67	0.19	0.08	0	1	0	1.0
1973.1630	410.22	-0.32	0.03	-15.68	-0.06	0.04	0	1	0	1.0
1973.1940	410.21	-0.28	0.03	-15.68	-0.22	0.00	0	1	0	1.0
1973.2250	410.20	-0.29	0.03	-15.68	-0.19	0.01	0	1	0	1.0
1973.2560	410.19	-0.39	0.03	-15.68	-0.19	0.02	0	1	0	1.0
1973.2870	410.18	-0.35	0.03	-15.68	-0.00	0.05	0	1	0	1.0
1973.3180	410.17	-0.55	0.03	-15.68	-0.06	0.04	0	1	0	1.0
1973.3490	410.15	-0.47	0.02	-15.69	-0.20	-0.01	0	1	0	1.0
1973.3800	410.14	-0.44	0.02	-15.69	-0.05	0.02	0	1	0	1.0
1973.4110	410.13	-0.48	0.02	-15.69	-0.05	0.01	0	1	0	1.0
1973.4420	410.12	-0.25	0.02	-15.69	0.04	0.01	0	1	0	1.0
1973.4730	410.11	-0.18	0.02	-15.69	0.05	0.01	0	1	0	1.0
1973.5040	410.10	-0.22	0.02	-15.69	0.24	0.05	0	1	0	1.0
1973.5350	410.10	-0.11	0.02	-15.69	0.04	0.00	0	1	0	1.0
1973.5660	410.10	0.04	0.02	-15.69	0.05	-0.00	0	1	0	1.0
1973.5970	410.10	0.08	0.02	-15.69	0.01	-0.01	0	1	0	1.0
1973.6280	410.11	0.09	0.02	-15.69	0.00	-0.02	0	1	0	1.0
1973.6590	410.11	0.16	0.02	-15.69	0.00	-0.02	0	1	0	1.0
1973.6900	410.12	0.17	0.02	-15.69	0.00	-0.02	0	1	0	1.0
1973.7210	410.13	0.41	0.02	-15.69	0.25	0.02	0	1	0	1.0
1973.7520	410.14	0.42	0.02	-15.68	0.05	-0.01	0	1	0	1.0
1973.7830	410.15	0.37	0.03	-15.68	-0.18	-0.04	0	1	0	1.0
1973.8140	410.16	0.36	0.03	-15.68	0.05	0.00	0	1	0	1.0
1973.8450	410.17	0.30	0.03	-15.68	0.19	0.04	0	1	0	1.0
1973.8760	410.18	0.25	0.03	-15.68	0.13	0.02	0	1	0	1.0
1973.9070	410.19	0.23	0.03	-15.68	0.00	0.01	0	1	0	1.0
1973.9380	410.19	0.28	0.03	-15.68	0.05	0.01	0	1	0	1.0
1973.9690	410.20	0.34	0.03	-15.68	0.24	0.05	0	1	0	1.0
1974.0000	410.21	0.22	0.03	-15.68	0.04	0.02	0	1	0	1.0
1974.0310	410.21	0.19	0.03	-15.68	0.05	0.02	0	1	0	1.0
1974.0620	410.21	0.20	0.03	-15.68	-0.00	0.01	0	1	0	1.0
1974.0930	410.22	0.15	0.03	-15.68	0.00	0.01	0	1	0	1.0
1974.1240	410.22	0.17	0.03	-15.68	0.01	0.01	0	1	0	1.0
1974.1550	410.22	0.07	0.03	-15.68	0.00	0.02	0	1	0	1.0
1974.1860	410.22	0.05	0.03	-15.68	-0.19	-0.02	0	1	0	1.0
1974.2170	410.23	0.00	0.03	-15.68	-0.18	-0.01	0	1	0	1.0
1974.2480	410.23	0.07	0.03	-15.68	-0.18	-0.02	0	1	0	1.0
1974.2790	410.22	-0.18	0.03	-15.68	0.01	0.04	0	1	0	1.0
1974.3100	410.22	-0.19	0.03	-15.68	0.05	0.05	0	1	0	1.0
1974.3410	410.22	-0.14	0.03	-15.68	0.00	0.04	0	1	0	1.0
1974.3720	410.22	-0.11	0.03	-15.67	0.19	0.08	0	1	0	1.0
1974.4030	410.21	-0.21	0.03	-15.67	-0.01	0.04	0	1	0	1.0
1974.4340	410.20	-0.32	0.03	-15.67	-0.19	0.02	0	1	0	1.0
1974.4650	410.19	-0.29	0.03	-15.67	-0.00	0.05	0	1	0	1.0
1974.4960	410.18	-0.44	0.03	-15.68	-0.20	0.02	0	1	0	1.0
1974.5270	410.16	-0.58	0.03	-15.68	-0.06	0.04	0	1	0	1.0
1974.5580	410.15	-0.36	0.02	-15.69	0.18	0.06	0	1	0	1.0
1974.5890	410.13	-0.57	0.02	-15.69	-0.25	-0.02	0	1	0	1.0
1974.6200	410.12	-0.39	0.02	-15.69	-0.00	0.02	0	1	0	1.0
1974.6510	410.11	-0.35	0.02	-15.69	0.06	0.02	0	1	0	1.0
1974.6820	410.10	-0.28	0.01	-15.69	0.23	0.05	0	1	0	1.0
1974.7130	410.10	-0.15	0.01	-15.70	0.18	0.02	0	1	0	1.0
1974.7440	410.10	-0.11	0.01	-15.69	0.13	0.02	0	1	0	1.0
1974.7750	410.10	-0.01	0.01	-15.69	-0.25	-0.07	0	1	0	1.0
1974.8060	410.11	0.30	0.02	-15.69	-0.18	-0.06	0	1	0	1.0
1974.8370	410.11	0.26	0.02	-15.69	0.24	0.03	0	1	0	1.0
1974.8680	410.12	0.29	0.02	-15.69	0.24	0.03	0	1	0	1.0
1974.8990	410.12	0.19	0.02	-15.69	-0.01	-0.02	0	1	0	1.0
1974.9300	410.13	0.30	0.02	-15.68	0.21	0.03	0	1	0	1.0
1974.9610	410.14	0.36	0.03	-15.68	0.24	0.04	0	1	0	1.0
1974.9920	410.15	0.31	0.03	-15.68	0.04	0.00	0	1	0	1.0
1975.0230	410.16	0.24	0.03	-15.68	0.00	-0.00	0	1	0	1.0
1975.0540	410.16	0.22	0.03	-15.68	0.14	0.03	0	1	0	1.0
1975.0850	410.17	0.22	0.03	-15.68	-0.00	-0.00	0	1	0	1.0
1975.1160	410.18	0.28	0.03	-15.68	0.05	0.01	0	1	0	1.0
1975.1470	410.18	0.33	0.03	-15.68	0.05	0.01	0	1	0	1.0
1975.1780	410.19	0.27	0.03	-15.68	0.05	0.01	0	1	0	1.0
1975.2090	410.20	0.15	0.03	-15.68	-0.05	-0.00	0	1	0	1.0
1975.2400	410.20	0.20	0.03	-15.68	0.19	0.05	0	1	0	1.0
1975.2710	410.21	0.10	0.03	-15.68	-0.19	-0.03	0	1	0	1.0
1975.3020	410.21	0.19	0.03	-15.68	0.00	0.01	0	1	0	1.0
1975.3330	410.21	0.14	0.03	-15.68	0.18	0.04	0	1	0	1.0
1975.3640	410.22	0.15	0.03	-15.68	0.19	0.05	0	1	0	1.0
1975.3950	410.22	0.14	0.03	-15.68	0.19	0.05	0	1	0	1.0
1975.4260	410.22	0.15	0.03	-15.68	0.01	0.01	0	1	0	1.0
1975.4570	410.23	0.08	0.03	-15.68	0.00	0.02	0	1	0	1.0
1975.4880	410.23	0.05	0.03	-15.68	-0.04	0.01	0	1	0	1.0
1975.5190	410.23	0.05	0.03	-15.68	-0.05	0.01	0	1	0	1.0
1975.5500	410.23	0.03	0.03	-15.68	-0.19	-0.02	0	1	0	1.0
1975.5810	410.22	-0.02	0.03	-15.68	-0.19	-0.01	0	1	0	1.0
1975.6120	410.22	-0.07	0.04	-15.67	0.01	0.04	0	1	0	1.0
1975.6430	410.22	-0.15	0.04	-15.67	0.24	0.10	0	1	0	1.0
1975.6740	410.21	-0.28	0.03	-15.67	-0.01	0.05	0	1	0	1.0
1975.7050	410.20	-0.27	0.03	-15.67	-0.04	0.04	0	1	0	1.0
1975.7360	410.19	-0.41	0.03	-15.68	-0.23	0.01	0	1	0	1.0
1975.7670	410.18	-0.45	0.03	-15.68	-0.19	0.02	0	1	0	1.0
1975.7980	410.16	-0.52	0.02	-15.68	-0.06	0.03	0	1	0	1.0
1975.8290	410.15	-0.57	0.02	-15.69	-0.42	-0.04	0	1	0	1.0
1975.8600	410.13	-0.39	0.02	-15.69	-0.00	0.02	0	1	0	1.0
1975.8910	410.12	-0.42	0.02	-15.69	-0.02	0.01	0	1	0	1.0
1975.9220	410.11	-0.25	0.01	-15.69	-0.15	-0.03	0	1	0	1.0
1975.9530	410.10	-0.14	0.02	-15.69	0.05	0.00	0	1	0	1.0
1975.9840	410.10	-0.19	0.01	-15.69	0.18	0.03	0	1	0	1.0
1976.0150	410.09	-0.27	0.01	-15.69	0.08	0.02	0	1	0	1.0
1976.0460	410.09	-0.15	0.01	-15.69	-0.28	-0.06	0	1	0	1.0
1976.0770	410.10	0.18	0.02	-15.69	-0.17	-0.05	0	1	0	1.0
1976.1080	410.10	0.16	0.02	-15.69	0.06	-0.00	0	1	0	1.0
1976.1390	410.10	0.16	0.02	-15.69	0.24	0.03	0	1	0	1.0
1976.1700	410.11	0.33	0.02	-15.69	0.22	0.02	0	1	0	1.0
1976.2010	410.11	0.24	0.02	-15.69	-0.25	-0.07	0	1	0	1.0
1976.2320	410.13	0.38	0.02	-15.68	-0.16	-0.05	0	1	0	1.0
1976.2630	410.14	0.49	0.03	-15.68	0.31	0.04	0	1	0	1.0
1976.2940	410.14	0.42	0.03	-15.68	0.24	0.04	0	1	0	1.0
1976.3250	410.15	0.27	0.03	-15.68	-0.00	0.00	0	1	0	1.0
1976.3560	410.16	0.21	0.03	-15.68	-0.05	-0.00	0	1	0	1.0
1976.3870	410.16	0.23	0.03	-15.68	0.19	0.04	0	1	0	1.0
1976.4180	410.17	0.25	0.03	-15.68	0.21	0.04	0	1	0	1.0
1976.4490	410.17	0.20	0.03	-15.68	0.13	0.03	0	1	0	1.0
1976.4800	410.18	0.36	0.03	-15.68	-0.24	-0.06	0	1	0	1.0
1976.5110	410.18	0.38	0.03	-15.68	-0.22	-0.05	0	1	0	1.0
1976.5420	410.19	0.18	0.03	-15.68	-0.18	-0.02	0	1	0	1.0
1976.5730	410.19	0.07	0.03	-15.68	-0.38	-0.06	0	1	0	1.0
1976.6040	410.19	-0.02	0.03	-15.68	-0.24	-0.03	0	1	0	1.0
1976.6350	410.19	-0.03	0.03	-15.68	-0.05	0.01	0	1	0	1.0
1976.6660	410.19	-0.06	0.03	-15.68	-0.00	0.02	0	1	0	1.0
1976.6970	410.18	-0.02	0.03	-15.68	-0.00	0.02	0	1	0	1.0
1976.7280	410.18	-0.10	0.03	-15.68	-0.05	0.02	0	1	0	1.0
1976.7590	410.18	-0.15	0.03	-15.68	-0.04	0.02	0	1	0	1.0
1976.7900	410.18	-0.11	0.03	-15.68	-0.00	0.03	0	1	0	1.0
1976.8210	410.17	-0.20	0.03	-15.68	-0.05	0.02	0	1	0	1.0
1976.8520	410.17	-0.15	0.03	-15.68	-0.00	0.03	0	1	0	1.0
1976.8830	410.16	-0.18	0.03	-15.68	-0.00	0.02	0	1	0	1.0
1976.9140	410.16	-0.22	0.02	-15.68	-0.19	-0.01	0	1	0	1.0
1976.9450	410.15	-0.17	0.03	-15.68	0.01	0.03	0	1	0	1.0
1976.9760	410.15	-0.19	0.02	-15.68	0.18	0.06	0	1	0	1.0
1977.0070	410.14	-0.22	0.02	-15.68	-0.01	0.02	0	1	0	1.0
1977.0380	410.14	-0.17	0.02	-15.69	-0.19	-0.03	0	1	0	1.0
1977.0690	410.13	-0.20	0.02	-15.69	-0.24	-0.04	0	1	0	1.0
1977.1000	410.13	-0.30	0.02	-15.69	-0.42	-0.07	0	1	0	1.0
1977.1310	410.13	-0.11	0.02	-15.69	-0.18	-0.03	0	1	0	1.0
1977.1620	410.12	-0.04	0.02	-15.69	-0.13	-0.03	0	1	0	1.0
1977.1930	410.12	0.16	0.02	-15.69	0.06	-0.01	0	1	0	1.0
1977.2240	410.13	0.23	0.02	-15.69	0.23	0.02	0	1	0	1.0
1977.2550	410.13	0.18	0.02	-15.69	0.15	0.02	0	1	0	1.0
1977.2860	410.14	0.28	0.02	-15.68	0.05	-0.00	0	1	0	1.0
1977.3170	410.15	0.28	0.03	-15.68	0.06	0.00	0	1	0	1.0
1977.3480	410.15	0.33	0.03	-15.68	0.24	0.04	0	1	0	1.0
1977.3790	410.16	0.29	0.03	-15.68	0.19	0.03	0	1	0	1.0
1977.4100	410.17	0.26	0.03	-15.68	0.03	0.00	0	1	0	1.0
1977.4410	410.17	0.15	0.03	-15.68	-0.00	0.00	0	1	0	1.0
1977.4720	410.17	0.15	0.03	-15.68	-0.05	-0.01	0	1	0	1.0
1977.5030	410.18	0.17	0.03	-15.68	-0.01	0.00	0	1	0	1.0
1977.5340	410.19	0.15	0.03	-15.68	-0.05	-0.00	0	1	0	1.0
1977.5650	410.19	0.20	0.03	-15.68	-0.04	-0.00	0	1	0	1.0
1977.5960	410.20	0.20	0.03	-15.68	-0.03	0.00	0	1	0	1.0
1977.6270	410.20	0.08	0.03	-15.68	-0.19	-0.02	0	1	0	1.0
1977.6580	410.20	0.06	0.03	-15.68	-0.04	0.01	0	1	0	1.0
1977.6890	410.20	0.05	0.03	-15.68	-0.19	-0.02	0	1	0	1.0
1977.7200	410.20	0.15	0.03	-15.68	0.00	0.01	0	1	0	1.0
1977.7510	410.20	0.18	0.03	-15.68	0.00	0.01	0	1	0	1.0
1977.7820	410.20	0.18	0.03	-15.68	0.00	0.01	0	1	0	1.0
1977.8130	410.20	0.04	0.03	-15.68	0.00	0.02	0	1	0	1.0
1977.8440	410.20	0.01	0.03	-15.68	0.00	0.02	0	1	0	1.0
1977.8750	410.20	-0.06	0.03	-15.68	-0.18	-0.01	0	1	0	1.0
1977.9060	410.20	-0.13	0.03	-15.68	0.01	0.03	0	1	0	1.0
1977.9370	410.20	-0.17	0.03	-15.68	0.19	0.07	0	1	0	1.0
1977.9680	410.19	-0.13	0.03	-15.68	-0.04	0.02	0	1	0	1.0
1977.9990	410.19	-0.17	0.03	-15.68	-0.18	0.00	0	1	0	1.0
1978.0300	410.19	-0.13	0.03	-15.68	0.20	0.08	0	1	0	1.0
1978.0610	410.18	-0.25	0.03	-15.68	-0.01	0.03	0	1	0	1.0
1978.0920	410.17	-0.21	0.03	-15.68	-0.00	0.03	0	1	0	1.0
1978.1230	410.16	-0.30	0.03	-15.68	-0.02	0.03	0	1	0	1.0
1978.1540	410.16	-0.27	0.02	-15.68	-0.01	0.02	0	1	0	1.0
1978.1850	410.15	-0.22	0.02	-15.68	-0.00	0.02	0	1	0	1.0
1978.2160	410.14	-0.21	0.02	-15.68	0.01	0.02	0	1	0	1.0
1978.2470	410.13	-0.23	0.02	-15.69	0.03	0.02	0	1	0	1.0
1978.2780	410.13	-0.27	0.02	-15.69	-0.06	0.00	0	1	0	1.0
1978.3090	410.12	-0.35	0.02	-15.69	-0.25	-0.03	0	1	0	1.0
1978.3400	410.12	-0.27	0.02	-15.69	-0.04	0.00	0	1	0	1.0
1978.3710	410.12	0.02	0.02	-15.69	0.25	0.04	0	1	0	1.0
1978.4020	410.12	0.11	0.02	-15.69	0.43	0.07	0	1	0	1.0
1978.4330	410.12	0.18	0.02	-15.69	0.19	0.01	0	1	0	1.0
1978.4640	410.12	0.26	0.02	-15.69	-0.04	-0.03	0	1	0	1.0
1978.4950	410.13	0.30	0.02	-15.69	0.20	0.02	0	1	0	1.0
1978.5260	410.14	0.26	0.02	-15.68	0.00	-0.01	0	1	0	1.0
1978.5570	410.15	0.32	0.03	-15.68	-0.24	-0.06	0	1	0	1.0
1978.5880	410.16	0.33	0.03	-15.68	0.02	-0.00	0	1	0	1.0
1978.6190	410.16	0.30	0.03	-15.68	0.06	0.01	0	1	0	1.0
1978.6500	410.17	0.32	0.03	-15.68	0.23	0.04	0	1	0	1.0
1978.6810	410.17	0.23	0.03	-15.68	0.13	0.03	0	1	0	1.0
1978.7120	410.18	0.28	0.03	-15.68	-0.24	-0.05	0	1	0	1.0
1978.7430	410.19	0.24	0.03	-15.68	-0.04	-0.00	0	1	0	1.0
1978.7740	410.19	0.20	0.03	-15.68	-0.24	-0.04	0	1	0	1.0
1978.8050	410.19	0.19	0.03	-15.68	0.00	0.01	0	1	0	1.0
1978.8360	410.19	0.14	0.03	-15.67	0.23	0.07	0	1	0	1.0
1978.8670	410.19	-0.01	0.03	-15.68	0.18	0.06	0	1	0	1.0
1978.8980	410.19	-0.10	0.03	-15.68	-0.01	0.03	0	1	0	1.0
1978.9290	410.19	-0.08	0.03	-15.68	-0.01	0.03	0	1	0	1.0
1978.9600	410.19	-0.13	0.03	-15.68	-0.19	-0.00	0	1	0	1.0
1978.9910	410.18	-0.17	0.03	-15.68	-0.18	-0.00	0	1	0	1.0
1979.0220	410.18	-0.23	0.03	-15.68	0.18	0.07	0	1	0	1.0
1979.0530	410.17	-0.38	0.03	-15.68	-0.10	0.02	0	1	0	1.0
1979.0840	410.16	-0.30	0.03	-15.68	0.13	0.06	0	1	0	1.0
1979.1150	410.15	-0.30	0.02	-15.68	-0.05	0.02	0	1	0	1.0
1979.1460	410.15	-0.20	0.02	-15.68	0.04	0.03	0	1	0	1.0
1979.1770	410.14	-0.23	0.02	-15.69	0.18	0.05	0	1	0	1.0
1979.2080	410.13	-0.28	0.02	-15.69	-0.06	0.00	0	1	0	1.0
1979.2390	410.13	-0.33	0.02	-15.69	-0.24	-0.03	0	1	0	1.0
1979.2700	410.12	-0.20	0.02	-15.69	-0.23	-0.04	0	1	0	1.0
1979.3010	410.12	-0.21	0.02	-15.69	-0.23	-0.04	0	1	0	1.0
1979.3320	410.12	0.05	0.02	-15.69	-0.19	-0.05	0	1	0	1.0
1979.3630	410.12	0.15	0.02	-15.69	0.01	-0.02	0	1	0	1.0
1979.3940	410.12	0.27	0.02	-15.69	0.24	0.02	0	1	0	1.0
1979.4250	410.13	0.20	0.02	-15.69	-0.01	-0.02	0	1	0	1.0
1979.4560	410.14	0.37	0.02	-15.68	-0.22	-0.06	0	1	0	1.0
1979.4870	410.15	0.42	0.03	-15.68	-0.12	-0.04	0	1	0	1.0
1979.5180	410.15	0.38	0.03	-15.68	0.25	0.05	0	1	0	1.0
1979.5490	410.16	0.20	0.03	-15.68	-0.19	-0.04	0	1	0	1.0
1979.5800	410.16	0.19	0.03	-15.68	0.00	0.01	0	1	0	1.0
1979.6110	410.17	0.17	0.03	-15.68	0.04	0.01	0	1	0	1.0
1979.6420	410.17	0.14	0.03	-15.68	0.05	0.02	0	1	0	1.0
1979.6730	410.17	0.31	0.03	-15.68	0.43	0.08	0	1	0	1.0
1979.7040	410.18	0.22	0.03	-15.68	0.23	0.05	0	1	0	1.0
1979.7350	410.18	0.26	0.03	-15.68	0.23	0.04	0	1	0	1.0
1979.7660	410.18	0.11	0.03	-15.68	0.00	0.01	0	1	0	1.0
1979.7970	410.19	0.12	0.03	-15.68	0.19	0.05	0	1	0	1.0
1979.8280	410.19	0.14	0.03	-15.68	-0.00	0.01	0	1	0	1.0
1979.8590	410.19	0.14	0.03	-15.68	-0.19	-0.03	0	1	0	1.0
1979.8900	410.19	0.04	0.03	-15.68	-0.19	-0.02	0	1	0	1.0
1979.9210	410.20	0.15	0.03	-15.68	0.01	0.01	0	1	0	1.0
1979.9520	410.20	0.18	0.03	-15.68	0.00	0.01	0	1	0	1.0
1979.9830	410.20	0.20	0.03	-15.68	0.01	0.01	0	1	0	1.0
1980.0140	410.20	0.07	0.03	-15.68	-0.18	-0.02	0	1	0	1.0
1980.0450	410.20	0.02	0.03	-15.68	-0.18	-0.02	0	1	0	1.0
1980.0760	410.20	-0.09	0.03	-15.68	0.05	0.04	0	1	0	1.0
1980.1070	410.20	-0.03	0.03	-15.68	0.19	0.06	0	1	0	1.0
1980.1380	410.20	-0.02	0.03	-15.68	0.18	0.06	0	1	0	1.0
1980.1690	410.19	-0.12	0.03	-15.68	-0.01	0.03	0	1	0	1.0
1980.2000	410.19	-0.15	0.03	-15.68	0.00	0.04	0	1	0	1.0
1980.2310	410.18	-0.24	0.03	-15.68	-0.24	-0.01	0	1	0	1.0
1980.2620	410.18	-0.26	0.03	-15.68	-0.04	0.03	0	1	0	1.0
1980.2930	410.17	-0.35	0.03	-15.68	-0.06	0.02	0	1	0	1.0
1980.3240	410.16	-0.31	0.03	-15.68	-0.05	0.02	0	1	0	1.0
1980.3550	410.15	-0.23	0.02	-15.68	-0.00	0.02	0	1	0	1.0
1980.3860	410.14	-0.30	0.02	-15.69	-0.24	-0.03	0	1	0	1.0
1980.4170	410.14	-0.35	0.02	-15.69	-0.24	-0.02	0	1	0	1.0
1980.4480	410.13	-0.36	0.02	-15.69	-0.18	-0.01	0	1	0	1.0
1980.4790	410.12	-0.46	0.02	-15.69	0.09	0.04	0	1	0	1.0
1980.5100	410.11	-0.28	0.01	-15.69	0.28	0.06	0	1	0	1.0
1980.5410	410.11	0.07	0.01	-15.69	0.62	0.10	0	1	0	1.0
1980.5720	410.12	0.38	0.02	-15.69	0.64	0.09	0	1	0	1.0
1980.6030	410.12	0.21	0.02	-15.69	0.35	0.04	0	1	0	1.0
1980.6340	410.13	0.67	0.02	-15.69	-0.10	-0.07	0	1	0	1.0
1980.6650	410.15	0.39	0.03	-15.68	-0.20	-0.04	0	1	0	1.0
1980.6960	410.15	0.36	0.03	-15.68	-0.37	-0.08	0	1	0	1.0
1980.7270	410.16	0.38	0.03	-15.68	0.02	0.01	0	1	0	1.0
1980.7580	410.16	0.35	0.03	-15.68	0.06	0.01	0	1	0	1.0
1980.7890	410.16	0.22	0.03	-15.68	0.19	0.05	0	1	0	1.0
1980.8200	410.16	0.04	0.03	-15.68	0.18	0.05	0	1	0	1.0
1980.8510	410.16	-0.22	0.03	-15.68	-0.25	-0.02	0	1	0	1.0
1980.8820	410.16	-0.13	0.03	-15.68	-0.43	-0.07	0	1	0	1.0
1980.9130	410.16	-0.20	0.02	-15.68	-0.47	-0.07	0	1	0	1.0
1980.9440	410.16	-0.05	0.02	-15.68	-0.10	-0.01	0	1	0	1.0
1980.9750	410.16	0.04	0.03	-15.68	-0.24	-0.04	0	1	0	1.0
1981.0060	410.16	-0.18	0.02	-15.68	-0.47	-0.08	0	1	0	1.0
1981.0370	410.16	-0.07	0.03	-15.68	-0.42	-0.07	0	1	0	1.0
1981.0680	410.16	-0.04	0.03	-15.68	-0.41	-0.07	0	1	0	1.0
1981.0990	410.16	0.04	0.03	-15.68	-0.18	-0.03	0	1	0	1.0
1981.1300	410.16	0.08	0.03	-15.68	-0.31	-0.05	0	1	0	1.0
1981.1610	410.16	0.13	0.03	-15.68	0.06	0.02	0	1	0	1.0
1981.1920	410.16	0.30	0.03	-15.68	0.30	0.06	0	1	0	1.0
1981.2230	410.16	-0.04	0.03	-15.68	0.04	0.02	0	1	0	1.0
1981.2540	410.15	-0.03	0.03	-15.68	0.04	0.02	0	1	0	1.0
1981.2850	410.15	-0.05	0.03	-15.68	0.04	0.02	0	1	0	1.0
1981.3160	410.15	-0.00	0.03	-15.68	0.19	0.05	0	1	0	1.0
1981.3470	410.15	-0.01	0.03	-15.68	0.18	0.05	0	1	0	1.0
1981.3780	410.15	0.01	0.03	-15.68	0.18	0.05	0	1	0	1.0
1981.4090	410.15	-0.07	0.03	-15.68	0.17	0.05	0	1	0	1.0
1981.4400	410.15	-0.01	0.03	-15.68	0.17	0.05	0	1	0	1.0
1981.4710	410.15	-0.13	0.02	-15.68	-0.06	0.01	0	1	0	1.0
1981.5020	410.15	-0.25	0.02	-15.68	-0.30	-0.04	0	1	0	1.0
1981.5330	410.15	-0.14	0.03	-15.68	-0.28	-0.04	0	1	0	1.0
1981.5640	410.15	-0.14	0.03	-15.68	-0.24	-0.03	0	1	0	1.0
1981.5950	410.15	0.09	0.03	-15.68	-0.36	-0.07	0	1	0	1.0
1981.6260	410.16	0.39	0.03	-15.68	-0.17	-0.05	0	1	0	1.0
1981.6570	410.16	0.19	0.03	-15.68	-0.12	-0.02	0	1	0	1.0
1981.6880	410.16	0.17	0.03	-15.68	0.07	0.02	0	1	0	1.0
1981.7190	410.16	0.25	0.03	-15.68	0.07	0.01	0	1	0	1.0
1981.7500	410.16	0.05	0.03	-15.68	0.28	0.07	0	1	0	1.0
1981.7810	410.15	-0.03	0.03	-15.68	0.05	0.02	0	1	0	1.0
1981.8120	410.15	-0.03	0.03	-15.68	0.22	0.06	0	1	0	1.0
1981.8430	410.15	0.02	0.03	-15.68	0.36	0.08	0	1	0	1.0
1981.8740	410.15	-0.18	0.02	-15.68	-0.06	0.01	0	1	0	1.0
1981.9050	410.15	-0.30	0.02	-15.68	-0.07	0.02	0	1	0	1.0
1981.9360	410.15	-0.10	0.02	-15.68	-0.06	-0.00	0	1	0	1.0
1981.9670	410.15	-0.06	0.02	-15.68	-0.10	-0.01	0	1	0	1.0
1981.9980	410.15	-0.09	0.02	-15.68	-0.29	-0.05	0	1	0	1.0
1982.0290	410.16	-0.07	0.03	-15.68	-0.46	-0.08	0	1	0	1.0
1982.0600	410.15	-0.21	0.03	-15.68	-0.42	-0.06	0	1	0	1.0
1982.0910	410.15	-0.02	0.02	-15.68	-0.23	-0.03	0	1	0	1.0
1982.1220	410.15	0.04	0.02	-15.68	-0.19	-0.03	0	1	0	1.0
1982.1530	410.15	0.03	0.03	-15.68	0.00	0.01	0	1	0	1.0
1982.1840	410.15	0.04	0.03	-15.68	0.01	0.01	0	1	0	1.0
1982.2150	410.16	0.11	0.03	-15.68	0.24	0.05	0	1	0	1.0
1982.2460	410.16	0.20	0.03	-15.68	0.46	0.10	0	1	0	1.0
1982.2770	410.16	0.21	0.03	-15.68	0.46	0.09	0	1	0	1.0
1982.3080	410.16	0.17	0.03	-15.68	0.23	0.05	0	1	0	1.0
1982.3390	410.16	0.10	0.03	-15.68	0.24	0.05	0	1	0	1.0
1982.3700	410.16	-0.00	0.03	-15.68	0.23	0.06	0	1	0	1.0
1982.4010	410.16	0.10	0.03	-15.68	0.28	0.06	0	1	0	1.0
1982.4320	410.16	-0.02	0.02	-15.68	0.05	0.02	0	1	0	1.0
1982.4630	410.16	0.04	0.03	-15.68	0.43	0.09	0	1	0	1.0
1982.4940	410.16	0.08	0.02	-15.68	0.25	0.05	0	1	0	1.0
1982.5250	410.16	0.22	0.02	-15.68	0.25	0.04	0	1	0	1.0
1982.5560	410.17	0.31	0.03	-15.68	0.43	0.07	0	1	0	1.0
1982.5870	410.17	0.22	0.03	-15.68	0.23	0.04	0	1	0	1.0
1982.6180	410.18	0.24	0.03	-15.68	0.33	0.06	0	1	0	1.0
1982.6490	410.18	0.25	0.03	-15.68	-0.01	0.00	0	1	0	1.0
1982.6800	410.18	0.10	0.03	-15.68	-0.00	0.01	0	1	0	1.0
1982.7110	410.19	0.06	0.03	-15.68	0.04	0.02	0	1	0	1.0
1982.7420	410.19	0.20	0.03	-15.68	0.06	0.02	0	1	0	1.0
1982.7730	410.19	0.34	0.03	-15.68	0.10	0.02	0	1	0	1.0
1982.8040	410.19	0.26	0.03	-15.68	0.24	0.06	0	1	0	1.0
1982.8350	410.20	0.10	0.03	-15.68	0.22	0.06	0	1	0	1.0
1982.8660	410.19	-0.06	0.03	-15.68	0.13	0.05	0	1	0	1.0
1982.8970	410.19	-0.26	0.03	-15.68	-0.11	0.02	0	1	0	1.0
1982.9280	410.19	-0.06	0.03	-15.68	-0.05	0.02	0	1	0	1.0
1982.9590	410.19	-0.13	0.03	-15.68	0.00	0.04	0	1	0	1.0
1982.9900	410.18	-0.23	0.03	-15.68	-0.05	0.03	0	1	0	1.0
1983.0210	410.18	-0.19	0.03	-15.68	-0.00	0.04	0	1	0	1.0
1983.0520	410.17	-0.27	0.03	-15.68	-0.19	-0.00	0	1	0	1.0
1983.0830	410.16	-0.22	0.03	-15.68	-0.00	0.03	0	1	0	1.0
1983.1140	410.15	-0.30	0.02	-15.68	-0.06	0.01	0	1	0	1.0
1983.1450	410.15	-0.41	0.02	-15.69	-0.29	-0.03	0	1	0	1.0
1983.1760	410.14	-0.40	0.02	-15.69	-0.19	-0.01	0	1	0	1.0
1983.2070	410.13	-0.46	0.02	-15.69	0.24	0.07	0	1	0	1.0
1983.2380	410.12	-0.43	0.01	-15.70	0.11	0.03	0	1	0	1.0
1983.2690	410.12	-0.23	0.01	-15.69	0.13	0.02	0	1	0	1.0
1983.3000	410.12	-0.03	0.01	-15.69	-0.09	-0.03	0	1	0	1.0
1983.3310	410.13	0.16	0.02	-15.69	0.00	-0.02	0	1	0	1.0
1983.3620	410.13	0.24	0.02	-15.69	0.19	0.02	0	1	0	1.0
1983.3930	410.14	0.27	0.02	-15.68	-0.03	-0.02	0	1	0	1.0
1983.4240	410.15	0.35	0.03	-15.68	0.25	0.04	0	1	0	1.0
1983.4550	410.15	0.40	0.03	-15.68	0.43	0.08	0	1	0	1.0
1983.4860	410.16	0.34	0.03	-15.68	0.23	0.04	0	1	0	1.0
1983.5170	410.16	0.22	0.03	-15.68	-0.01	-0.00	0	1	0	1.0
1983.5480	410.17	0.22	0.03	-15.68	-0.24	-0.05	0	1	0	1.0
1983.5790	410.18	0.28	0.03	-15.68	0.02	0.01	0	1	0	1.0
1983.6100	410.18	0.21	0.03	-15.68	-0.00	0.00	0	1	0	1.0
1983.6410	410.18	0.12	0.03	-15.68	-0.01	0.01	0	1	0	1.0
1983.6720	410.18	0.17	0.03	-15.68	-0.24	-0.04	0	1	0	1.0
1983.7030	410.19	0.35	0.03	-15.68	-0.22	-0.05	0	1	0	1.0
1983.7340	410.19	0.12	0.03	-15.68	-0.19	-0.02	0	1	0	1.0
1983.7650	410.19	0.08	0.03	-15.68	-0.24	-0.03	0	1	0	1.0
1983.7960	410.19	-0.01	0.03	-15.68	-0.19	-0.01	0	1	0	1.0
1983.8270	410.19	0.00	0.03	-15.68	-0.14	-0.00	0	1	0	1.0
1983.8580	410.19	-0.10	0.03	-15.68	-0.00	0.03	0	1	0	1.0
1983.8890	410.19	-0.06	0.03	-15.68	0.05	0.04	0	1	0	1.0
1983.9200	410.18	-0.19	0.03	-15.68	0.19	0.07	0	1	0	1.0
1983.9510	410.17	-0.27	0.03	-15.68	-0.20	-0.00	0	1	0	1.0
1983.9820	410.17	-0.14	0.03	-15.68	-0.00	0.03	0	1	0	1.0
1984.0130	410.16	-0.22	0.03	-15.68	-0.01	0.02	0	1	0	1.0
1984.0440	410.16	-0.21	0.03	-15.68	-0.00	0.03	0	1	0	1.0
1984.0750	410.15	-0.14	0.03	-15.68	0.05	0.03	0	1	0	1.0
1984.1060	410.15	-0.23	0.03	-15.68	0.24	0.07	0	1	0	1.0
1984.1370	410.14	-0.36	0.02	-15.69	0.17	0.06	0	1	0	1.0
1984.1680	410.13	-0.34	0.02	-15.69	-0.06	0.00	0	1	0	1.0
1984.1990	410.13	-0.15	0.02	-15.69	-0.00	0.00	0	1	0	1.0
1984.2300	410.12	-0.09	0.02	-15.69	-0.00	-0.00	0	1	0	1.0
1984.2610	410.12	-0.05	0.02	-15.69	-0.19	-0.04	0	1	0	1.0
1984.2920	410.12	0.12	0.02	-15.69	-0.18	-0.05	0	1	0	1.0
1984.3230	410.13	0.30	0.02	-15.69	-0.12	-0.04	0	1	0	1.0
1984.3540	410.13	0.32	0.02	-15.68	0.26	0.04	0	1	0	1.0
1984.3850	410.14	0.37	0.03	-15.68	0.44	0.07	0	1	0	1.0
1984.4160	410.14	0.27	0.03	-15.68	0.19	0.03	0	1	0	1.0
1984.4470	410.14	0.37	0.03	-15.68	-0.06	-0.02	0	1	0	1.0
1984.4780	410.15	0.47	0.03	-15.68	-0.04	-0.02	0	1	0	1.0
1984.5090	410.16	0.23	0.03	-15.68	-0.18	-0.03	0	1	0	1.0
1984.5400	410.16	0.08	0.03	-15.68	-0.18	-0.02	0	1	0	1.0
1984.5710	410.16	0.02	0.03	-15.68	-0.37	-0.06	0	1	0	1.0
1984.6020	410.16	0.01	0.03	-15.68	-0.22	-0.03	0	1	0	1.0
1984.6330	410.16	0.07	0.03	-15.68	0.00	0.01	0	1	0	1.0
1984.6640	410.16	0.06	0.03	-15.68	0.05	0.02	0	1	0	1.0
1984.6950	410.16	0.05	0.02	-15.68	0.01	0.01	0	1	0	1.0
1984.7260	410.16	0.13	0.02	-15.68	0.05	0.01	0	1	0	1.0
1984.7570	410.16	0.22	0.03	-15.68	0.24	0.04	0	1	0	1.0
1984.7880	410.17	0.35	0.03	-15.68	0.06	-0.00	0	1	0	1.0
1984.8190	410.17	0.12	0.03	-15.68	0.00	0.00	0	1	0	1.0
1984.8500	410.17	0.16	0.03	-15.68	-0.18	-0.03	0	1	0	1.0
1984.8810	410.18	0.22	0.03	-15.68	-0.13	-0.02	0	1	0	1.0
1984.9120	410.18	0.33	0.03	-15.68	0.03	0.00	0	1	0	1.0
1984.9430	410.19	0.28	0.03	-15.68	0.06	0.02	0	1	0	1.0
1984.9740	410.19	0.19	0.03	-15.68	0.19	0.05	0	1	0	1.0
1985.0050	410.19	0.11	0.03	-15.68	0.18	0.05	0	1	0	1.0
1985.0360	410.19	0.03	0.03	-15.68	-0.01	0.01	0	1	0	1.0
1985.0670	410.19	0.00	0.03	-15.68	0.13	0.05	0	1	0	1.0
1985.0980	410.19	-0.01	0.03	-15.68	-0.24	-0.03	0	1	0	1.0
1985.1290	410.19	0.01	0.03	-15.68	-0.22	-0.02	0	1	0	1.0
1985.1600	410.19	-0.01	0.03	-15.68	-0.17	-0.01	0	1	0	1.0
1985.1910	410.19	0.08	0.03	-15.68	0.06	0.03	0	1	0	1.0
1985.2220	410.19	-0.12	0.03	-15.68	0.24	0.08	0	1	0	1.0
1985.2530	410.18	-0.18	0.03	-15.68	0.18	0.07	0	1	0	1.0
1985.2840	410.17	-0.26	0.03	-15.68	-0.06	0.02	0	1	0	1.0
1985.3150	410.17	-0.15	0.03	-15.68	-0.00	0.03	0	1	0	1.0
1985.3460	410.16	-0.21	0.03	-15.68	-0.01	0.02	0	1	0	1.0
1985.3770	410.16	-0.13	0.03	-15.68	0.01	0.02	0	1	0	1.0
1985.4080	410.15	-0.19	0.02	-15.68	-0.01	0.02	0	1	0	1.0
1985.4390	410.15	-0.20	0.02	-15.68	-0.05	0.01	0	1	0	1.0
1985.4700	410.14	-0.20	0.02	-15.68	-0.01	0.02	0	1	0	1.0
1985.5010	410.14	-0.28	0.02	-15.68	0.23	0.07	0	1	0	1.0
1985.5320	410.13	-0.44	0.02	-15.69	0.13	0.05	0	1	0	1.0
1985.5630	410.13	-0.41	0.02	-15.69	-0.11	-0.01	0	1	0	1.0
1985.5940	410.12	-0.22	0.01	-15.69	-0.29	-0.06	0	1	0	1.0
1985.6250	410.12	-0.19	0.02	-15.69	-0.60	-0.12	0	1	0	1.0
1985.6560	410.13	0.08	0.02	-15.69	-0.16	-0.04	0	1	0	1.0
1985.6870	410.13	0.10	0.02	-15.69	0.01	-0.01	0	1	0	1.0
1985.7180	410.14	0.26	0.02	-15.69	0.05	-0.01	0	1	0	1.0
1985.7490	410.14	0.23	0.02	-15.69	0.15	0.02	0	1	0	1.0
1985.7800	410.15	0.22	0.02	-15.68	-0.18	-0.04	0	1	0	1.0
1985.8110	410.16	0.29	0.03	-15.68	0.01	-0.01	0	1	0	1.0
1985.8420	410.17	0.29	0.03	-15.68	0.00	-0.01	0	1	0	1.0
1985.8730	410.18	0.27	0.03	-15.68	-0.24	-0.05	0	1	0	1.0
1985.9040	410.19	0.35	0.03	-15.68	-0.13	-0.03	0	1	0	1.0
1985.9350	410.19	0.25	0.03	-15.68	0.20	0.05	0	1	0	1.0
1985.9660	410.20	0.35	0.03	-15.68	0.23	0.05	0	1	0	1.0
1985.9970	410.20	0.24	0.03	-15.68	0.05	0.02	0	1	0	1.0
1986.0280	410.21	0.15	0.03	-15.68	0.19	0.05	0	1	0	1.0
1986.0590	410.21	0.15	0.03	-15.68	-0.00	0.01	0	1	0	1.0
1986.0900	410.21	0.04	0.03	-15.68	0.05	0.03	0	1	0	1.0
1986.1210	410.21	0.03	0.03	-15.68	0.20	0.06	0	1	0	1.0
1986.1520	410.21	-0.03	0.03	-15.68	-0.05	0.01	0	1	0	1.0
1986.1830	410.21	-0.02	0.03	-15.68	-0.20	-0.02	0	1	0	1.0
1986.2140	410.21	-0.10	0.03	-15.68	0.00	0.03	0	1	0	1.0
1986.2450	410.21	-0.03	0.03	-15.68	0.01	0.02	0	1	0	1.0
1986.2760	410.21	-0.02	0.03	-15.68	0.00	0.02	0	1	0	1.0
1986.3070	410.21	-0.02	0.03	-15.68	0.00	0.02	0	1	0	1.0
1986.3380	410.21	-0.02	0.03	-15.68	0.01	0.03	0	1	0	1.0
1986.3690	410.20	-0.08	0.03	-15.67	0.05	0.05	0	1	0	1.0
1986.4000	410.20	-0.13	0.03	-15.67	0.05	0.05	0	1	0	1.0
1986.4310	410.19	-0.23	0.03	-15.68	-0.00	0.04	0	1	0	1.0
1986.4620	410.18	-0.41	0.03	-15.68	-0.25	-0.00	0	1	0	1.0
1986.4930	410.17	-0.35	0.03	-15.68	-0.00	0.04	0	1	0	1.0
1986.5240	410.16	-0.34	0.02	-15.68	0.17	0.06	0	1	0	1.0
1986.5550	410.15	-0.33	0.02	-15.68	-0.19	-0.01	0	1	0	1.0
1986.5860	410.14	-0.25	0.02	-15.69	0.04	0.03	0	1	0	1.0
1986.6170	410.13	-0.31	0.02	-15.69	0.18	0.05	0	1	0	1.0
1986.6480	410.12	-0.36	0.02	-15.69	-0.06	-0.00	0	1	0	1.0
1986.6790	410.11	-0.32	0.01	-15.69	-0.24	-0.04	0	1	0	1.0
1986.7100	410.11	-0.19	0.01	-15.69	-0.24	-0.05	0	1	0	1.0
1986.7410	410.11	-0.00	0.02	-15.69	0.00	-0.01	0	1	0	1.0
1986.7720	410.11	0.01	0.02	-15.69	-0.18	-0.05	0	1	0	1.0
1986.8030	410.11	0.16	0.02	-15.69	0.01	-0.02	0	1	0	1.0
1986.8340	410.11	0.22	0.02	-15.69	0.18	0.01	0	1	0	1.0
1986.8650	410.12	0.22	0.02	-15.69	-0.04	-0.03	0	1	0	1.0
1986.8960	410.13	0.30	0.02	-15.69	0.19	0.02	0	1	0	1.0
1986.9270	410.14	0.25	0.02	-15.68	0.13	0.02	0	1	0	1.0
1986.9580	410.15	0.25	0.03	-15.68	0.00	-0.00	0	1	0	1.0
1986.9890	410.15	0.21	0.03	-15.68	0.00	0.00	0	1	0	1.0
1987.0200	410.16	0.18	0.03	-15.68	-0.19	-0.04	0	1	0	1.0
1987.0510	410.16	0.23	0.03	-15.68	0.18	0.03	0	1	0	1.0
1987.0820	410.17	0.14	0.03	-15.68	-0.05	-0.01	0	1	0	1.0
1987.1130	410.18	0.20	0.03	-15.68	0.00	0.00	0	1	0	1.0
1987.1440	410.18	0.21	0.03	-15.68	0.05	0.01	0	1	0	1.0
1987.1750	410.19	0.38	0.03	-15.68	0.28	0.05	0	1	0	1.0
1987.2060	410.19	0.37	0.03	-15.68	0.38	0.08	0	1	0	1.0
1987.2370	410.20	0.30	0.03	-15.68	0.17	0.04	0	1	0	1.0
1987.2680	410.21	0.07	0.03	-15.68	-0.06	0.01	0	1	0	1.0
1987.2990	410.21	0.06	0.03	-15.68	-0.19	-0.02	0	1	0	1.0
1987.3300	410.21	0.06	0.03	-15.68	-0.18	-0.02	0	1	0	1.0
1987.3610	410.21	0.08	0.03	-15.68	0.06	0.03	0	1	0	1.0
1987.3920	410.20	-0.05	0.03	-15.68	0.05	0.04	0	1	0	1.0
1987.4230	410.20	-0.04	0.03	-15.68	0.24	0.08	0	1	0	1.0
1987.4540	410.20	-0.04	0.03	-15.68	0.20	0.07	0	1	0	1.0
1987.4850	410.20	-0.03	0.03	-15.68	0.05	0.04	0	1	0	1.0
1987.5160	410.20	-0.06	0.03	-15.67	-0.13	0.01	0	1	0	1.0
1987.5470	410.19	-0.16	0.03	-15.67	0.05	0.05	0	1	0	1.0
1987.5780	410.18	-0.30	0.03	-15.68	-0.01	0.04	0	1	0	1.0
1987.6090	410.17	-0.47	0.03	-15.68	-0.25	-0.00	0	1	0	1.0
1987.6400	410.16	-0.31	0.03	-15.68	-0.00	0.03	0	1	0	1.0
1987.6710	410.15	-0.27	0.02	-15.68	0.18	0.06	0	1	0	1.0
1987.7020	410.14	-0.33	0.02	-15.68	-0.01	0.02	0	1	0	1.0
